CODI_CAPA;NOM_CAPA_CAT;NOM_CAPA_CAST;NOM_CAPA_ANG;LATITUD;LONGITUD;EQUIPAMENT;TELEFON;ADRECA
K001;Metro i línies urbanes FGC;Metro y líneas urbanas FGC;Underground trains;41.3595292610489;2.0357597629431567;FGC (L8) - MOLÍ NOU-CIUTAT COOPERATIVA-;;
K001;Metro i línies urbanes FGC;Metro y líneas urbanas FGC;Underground trains;41.349963545085444;2.04433010177643;FGC (L8) - SANT BOI-;;
K001;Metro i línies urbanes FGC;Metro y líneas urbanas FGC;Underground trains;41.35366375840897;2.069499435552627;FGC (L8) - CORNELLÀ:RIERA-;;
K001;Metro i línies urbanes FGC;Metro y líneas urbanas FGC;Underground trains;41.35796881043088;2.0734763257011344;METRO (L5) - CORNELLÀ CENTRE-;;
K001;Metro i línies urbanes FGC;Metro y líneas urbanas FGC;Underground trains;41.357925429127604;2.0737447351906297;METRO (L5) - CORNELLÀ CENTRE-;;
K001;Metro i línies urbanes FGC;Metro y líneas urbanas FGC;Underground trains;41.35952561699258;2.079976712870113;METRO (L5) - GAVARRA-;;
K001;Metro i línies urbanes FGC;Metro y líneas urbanas FGC;Underground trains;41.3592069102913;2.079989928936927;METRO (L5) - GAVARRA-;;
K001;Metro i línies urbanes FGC;Metro y líneas urbanas FGC;Underground trains;41.35988823514665;2.0800727608170835;METRO (L5) - GAVARRA-;;
K001;Metro i línies urbanes FGC;Metro y líneas urbanas FGC;Underground trains;41.36457084291627;2.085066902301488;METRO (L5) - SANT ILDEFONS-;;
K001;Metro i línies urbanes FGC;Metro y líneas urbanas FGC;Underground trains;41.36509654806521;2.085236767728363;METRO (L5) - SANT ILDEFONS-;;
K001;Metro i línies urbanes FGC;Metro y líneas urbanas FGC;Underground trains;41.365107904294256;2.0856467616663856;METRO (L5) - SANT ILDEFONS-;;
K001;Metro i línies urbanes FGC;Metro y líneas urbanas FGC;Underground trains;41.354828643513024;2.087818351435226;FGC (L8) - ALMEDA-;;
K001;Metro i línies urbanes FGC;Metro y líneas urbanas FGC;Underground trains;41.36787361464172;2.0918547200026345;METRO (L5) - CAN BOIXERES-;;
K001;Metro i línies urbanes FGC;Metro y líneas urbanas FGC;Underground trains;41.36796585495081;2.0923357804395253;METRO (L5) - CAN BOIXERES-;;
K001;Metro i línies urbanes FGC;Metro y líneas urbanas FGC;Underground trains;41.37313638317421;2.1003118074028118;METRO (L5) - CAN VIDALET-;;
K001;Metro i línies urbanes FGC;Metro y líneas urbanas FGC;Underground trains;41.3654779516026;2.100791529877336;METRO (L1) - RAMBLA JUST OLIVERAS-;;
K001;Metro i línies urbanes FGC;Metro y líneas urbanas FGC;Underground trains;41.373396487981175;2.1009611509148445;METRO (L5) - CAN VIDALET-;;
K001;Metro i línies urbanes FGC;Metro y líneas urbanas FGC;Underground trains;41.36479552524121;2.1013752019153022;METRO (L1) - RAMBLA JUST OLIVERAS-;;
K001;Metro i línies urbanes FGC;Metro y líneas urbanas FGC;Underground trains;41.36604986822012;2.1013775516078304;METRO (L1) - RAMBLA JUST OLIVERAS-;;
K001;Metro i línies urbanes FGC;Metro y líneas urbanas FGC;Underground trains;41.36551267183803;2.1016421513575283;METRO (L1) - RAMBLA JUST OLIVERAS-;;
K001;Metro i línies urbanes FGC;Metro y líneas urbanas FGC;Underground trains;41.35922247498924;2.103742683218899;METRO (L1) - AVINGUDA CARRILET-;;
K001;Metro i línies urbanes FGC;Metro y líneas urbanas FGC;Underground trains;41.361117028726625;2.103739153248515;METRO (L1) - AVINGUDA CARRILET-;;
K001;Metro i línies urbanes FGC;Metro y líneas urbanas FGC;Underground trains;41.360597440848615;2.104102702835379;METRO (L1) - AVINGUDA CARRILET-;;
K001;Metro i línies urbanes FGC;Metro y líneas urbanas FGC;Underground trains;41.369465200054925;2.1043080581035722;METRO (L1) - CAN SERRA-;;
K001;Metro i línies urbanes FGC;Metro y líneas urbanas FGC;Underground trains;41.359611676159204;2.1044952213059513;FGC (L8) - L'HOSPITALET:AV. CARRILET-;;
K001;Metro i línies urbanes FGC;Metro y líneas urbanas FGC;Underground trains;41.3701067314107;2.104732592543609;METRO (L1) - CAN SERRA-;;
K001;Metro i línies urbanes FGC;Metro y líneas urbanas FGC;Underground trains;41.37000161157276;2.1050044366646983;METRO (L1) - CAN SERRA-;;
K001;Metro i línies urbanes FGC;Metro y líneas urbanas FGC;Underground trains;41.3465378043942;2.1074822030533173;METRO (L1) - HOSPITAL DE BELLVITGE-;;
K001;Metro i línies urbanes FGC;Metro y líneas urbanas FGC;Underground trains;41.3461564348981;2.107766979041701;METRO (L1) - HOSPITAL DE BELLVITGE-;;
K001;Metro i línies urbanes FGC;Metro y líneas urbanas FGC;Underground trains;41.37537610734801;2.10784869866943;METRO (L5) - PUBILLA CASES-;;
K001;Metro i línies urbanes FGC;Metro y líneas urbanas FGC;Underground trains;41.375108333836216;2.108106877383743;METRO (L5) - PUBILLA CASES-;;
K001;Metro i línies urbanes FGC;Metro y líneas urbanas FGC;Underground trains;41.37583277570423;2.108721184833624;METRO (L5) - PUBILLA CASES-;;
K001;Metro i línies urbanes FGC;Metro y líneas urbanas FGC;Underground trains;41.375878070967765;2.109324489657283;METRO (L5) - PUBILLA CASES-;;
K001;Metro i línies urbanes FGC;Metro y líneas urbanas FGC;Underground trains;41.35334465018346;2.1109713742773977;METRO (L1) - BELLVITGE-;;
K001;Metro i línies urbanes FGC;Metro y líneas urbanas FGC;Underground trains;41.35221453316833;2.1116614744508913;METRO (L1) - BELLVITGE-;;
K001;Metro i línies urbanes FGC;Metro y líneas urbanas FGC;Underground trains;41.369691197307745;2.111469597574153;METRO (L1) - FLORIDA-;;
K001;Metro i línies urbanes FGC;Metro y líneas urbanas FGC;Underground trains;41.35305348607032;2.1117593776444186;METRO (L1) - BELLVITGE-;;
K001;Metro i línies urbanes FGC;Metro y líneas urbanas FGC;Underground trains;41.385956677909434;2.111474652136324;METRO (L3) - ZONA UNIVERSITÀRIA-;;
K001;Metro i línies urbanes FGC;Metro y líneas urbanas FGC;Underground trains;41.37033889420253;2.111754565390883;METRO (L1) - FLORIDA-;;
K001;Metro i línies urbanes FGC;Metro y líneas urbanas FGC;Underground trains;41.353809326214105;2.112049885949718;METRO (L1) - BELLVITGE-;;
K001;Metro i línies urbanes FGC;Metro y líneas urbanas FGC;Underground trains;41.37019416562818;2.111948844338098;METRO (L1) - FLORIDA-;;
K001;Metro i línies urbanes FGC;Metro y líneas urbanas FGC;Underground trains;41.352734268809975;2.1128385042193925;METRO (L1) - BELLVITGE-;;
K001;Metro i línies urbanes FGC;Metro y líneas urbanas FGC;Underground trains;41.36308894437641;2.112753972204769;FGC (L8) - SANT JOSEP-;;
K001;Metro i línies urbanes FGC;Metro y líneas urbanas FGC;Underground trains;41.38645710057807;2.1126947427877543;METRO (L3) - ZONA UNIVERSITÀRIA (Av. Diagonal)-;;
K001;Metro i línies urbanes FGC;Metro y líneas urbanas FGC;Underground trains;41.386026569719036;2.1127777280028055;METRO (L3) - ZONA UNIVERSITÀRIA (Av. Diagonal)-;;
K001;Metro i línies urbanes FGC;Metro y líneas urbanas FGC;Underground trains;41.37055994904609;2.117563969277888;METRO (L1) - TORRASSA-;;
K001;Metro i línies urbanes FGC;Metro y líneas urbanas FGC;Underground trains;41.37041246997171;2.1181821631826057;METRO (L1) - TORRASSA-;;
K001;Metro i línies urbanes FGC;Metro y líneas urbanas FGC;Underground trains;41.369971712012045;2.118344134425665;METRO (L1) - TORRASSA-;;
K001;Metro i línies urbanes FGC;Metro y líneas urbanas FGC;Underground trains;41.35717778788637;2.1186045434989986;FGC (L8) - GORNAL-;;
K001;Metro i línies urbanes FGC;Metro y líneas urbanas FGC;Underground trains;41.387934448142566;2.118943883280117;METRO (L3) - PALAU REIAL (Av. Diagonal)-;;
K001;Metro i línies urbanes FGC;Metro y líneas urbanas FGC;Underground trains;41.38772377708621;2.118946918913217;METRO (L3) - PALAU REIAL-;;
K001;Metro i línies urbanes FGC;Metro y líneas urbanas FGC;Underground trains;41.3876262902677;2.119087085192914;METRO (L3) - PALAU REIAL (Av. Diagonal)-;;
K001;Metro i línies urbanes FGC;Metro y líneas urbanas FGC;Underground trains;41.37760944707819;2.1193711992261743;METRO (L5) - COLLBLANC-;;
K001;Metro i línies urbanes FGC;Metro y líneas urbanas FGC;Underground trains;41.40024165402017;2.1197735804668025;FGC (L6) - REINA ELISENDA (Sortida J. V. Foix)-;;
K001;Metro i línies urbanes FGC;Metro y líneas urbanas FGC;Underground trains;41.40078541036577;2.120072961451389;FGC (L6) - REINA ELISENDA-;;
K001;Metro i línies urbanes FGC;Metro y líneas urbanas FGC;Underground trains;41.40102135173664;2.120445166074268;FGC (L6) - REINA ELISENDA (Sortida Duquesa d'Orleans)-;;
K001;Metro i línies urbanes FGC;Metro y líneas urbanas FGC;Underground trains;41.37781574619698;2.1211231133724584;METRO (L5) - COLLBLANC-;;
K001;Metro i línies urbanes FGC;Metro y líneas urbanas FGC;Underground trains;41.37776554423588;2.1217526880582582;METRO (L5) - COLLBLANC-;;
K001;Metro i línies urbanes FGC;Metro y líneas urbanas FGC;Underground trains;41.37737783877063;2.122172379814769;METRO (L5) - COLLBLANC-;;
K001;Metro i línies urbanes FGC;Metro y líneas urbanas FGC;Underground trains;41.40116812161645;2.125597858987059;FGC (L6) - SARRIÀ-;;
K001;Metro i línies urbanes FGC;Metro y líneas urbanas FGC;Underground trains;41.35882274761043;2.1264428408997964;FGC (L8) - EUROPA / FIRA-;;
K001;Metro i línies urbanes FGC;Metro y líneas urbanas FGC;Underground trains;41.400778018938965;2.1261873958755757;FGC (L6) - SARRIÀ-;;
K001;Metro i línies urbanes FGC;Metro y líneas urbanas FGC;Underground trains;41.377518587928954;2.1266537710750106;METRO (L5) - BADAL (C. d'Arizala)-;;
K001;Metro i línies urbanes FGC;Metro y líneas urbanas FGC;Underground trains;41.37731330389888;2.1270938100890264;METRO (L5) - BADAL (C. Carreras i Candi)-;;
K001;Metro i línies urbanes FGC;Metro y líneas urbanas FGC;Underground trains;41.40036242632842;2.126864141471207;FGC (L6) - SARRIÀ-;;
K001;Metro i línies urbanes FGC;Metro y líneas urbanas FGC;Underground trains;41.39007878251052;2.1272101782646646;METRO (L3) - MARIA CRISTINA (Av. Diagonal)-;;
K001;Metro i línies urbanes FGC;Metro y líneas urbanas FGC;Underground trains;41.39002237695689;2.1273787335927077;METRO (L3) - MARIA CRISTINA-;;
K001;Metro i línies urbanes FGC;Metro y líneas urbanas FGC;Underground trains;41.389750445658485;2.1275694393168436;METRO (L3) - MARIA CRISTINA (Av. Diagonal)-;;
K001;Metro i línies urbanes FGC;Metro y líneas urbanas FGC;Underground trains;41.377422759640126;2.1283873652610263;METRO (L5) - BADAL-;;
K001;Metro i línies urbanes FGC;Metro y líneas urbanas FGC;Underground trains;41.39017496557896;2.1289314833445876;METRO (L3) - MARIA CRISTINA (Pl. de la Reina Maria Cristina)-;;
K001;Metro i línies urbanes FGC;Metro y líneas urbanas FGC;Underground trains;41.37745481371775;2.129210162131735;METRO (L5) - BADAL (C. de Sants)-;;
K001;Metro i línies urbanes FGC;Metro y líneas urbanas FGC;Underground trains;41.370260805633784;2.1297721786381962;METRO (L1) - SANTA EULÀLIA-;;
K001;Metro i línies urbanes FGC;Metro y líneas urbanas FGC;Underground trains;41.37094505257511;2.1302498497617686;METRO (L1) - SANTA EULÀLIA-;;
K001;Metro i línies urbanes FGC;Metro y líneas urbanas FGC;Underground trains;41.37137477385107;2.1310509759347127;METRO (L1) - SANTA EULÀLIA-;;
K001;Metro i línies urbanes FGC;Metro y líneas urbanas FGC;Underground trains;41.363208543054235;2.131537212564963;FGC (L8) - ILDEFONS CERDÀ-;;
K001;Metro i línies urbanes FGC;Metro y líneas urbanas FGC;Underground trains;41.39997214516846;2.1311505859477933;FGC (L6) - LES TRES TORRES-;;
K001;Metro i línies urbanes FGC;Metro y líneas urbanas FGC;Underground trains;41.386051150640455;2.1317532608999783;METRO (L3) - LES CORTS (Travessera de les Corts)-;;
K001;Metro i línies urbanes FGC;Metro y líneas urbanas FGC;Underground trains;41.38578830781781;2.131922263313495;METRO (L3) - LES CORTS (C. de Joan Güell)-;;
K001;Metro i línies urbanes FGC;Metro y líneas urbanas FGC;Underground trains;41.399599081267056;2.1319034307710476;FGC (L6) - LES TRES TORRES-;;
K001;Metro i línies urbanes FGC;Metro y líneas urbanas FGC;Underground trains;41.36277944080426;2.1327541218171198;FGC (L8) - ILDEFONS CERDÀ-;;
K001;Metro i línies urbanes FGC;Metro y líneas urbanas FGC;Underground trains;41.386362884062535;2.1324640544306988;METRO (L3) - LES CORTS-;;
K001;Metro i línies urbanes FGC;Metro y líneas urbanas FGC;Underground trains;41.37511112193122;2.1342645892822008;METRO (L1) - MERCAT NOU (C. d'Antoni de Capmany)-;;
K001;Metro i línies urbanes FGC;Metro y líneas urbanas FGC;Underground trains;41.37477127828157;2.1347221921885864;METRO (L1) - MERCAT NOU (C. de la Riera de Tena)-;;
K001;Metro i línies urbanes FGC;Metro y líneas urbanas FGC;Underground trains;41.37536100348411;2.135105987378116;METRO (L1) - MERCAT NOU-;;
K001;Metro i línies urbanes FGC;Metro y líneas urbanas FGC;Underground trains;41.37598997905933;2.135621266846991;METRO (L1) - MERCAT NOU (C. dels Jocs Florals)-;;
K001;Metro i línies urbanes FGC;Metro y líneas urbanas FGC;Underground trains;41.377308484633446;2.1361086807491967;METRO (L5) - PLAÇA DE SANTS (Pl. de Sants)-;;
K001;Metro i línies urbanes FGC;Metro y líneas urbanas FGC;Underground trains;41.399713106235374;2.136189086883016;FGC (L6) - LA BONANOVA-;;
K001;Metro i línies urbanes FGC;Metro y líneas urbanas FGC;Underground trains;41.37726233053909;2.1365551703718637;METRO (L5) - PLAÇA DE SANTS-;;
K001;Metro i línies urbanes FGC;Metro y líneas urbanas FGC;Underground trains;41.39960948763935;2.1365027469442124;FGC (L6) - LA BONANOVA-;;
K001;Metro i línies urbanes FGC;Metro y líneas urbanas FGC;Underground trains;41.399455818866805;2.1365770121015126;FGC (L6) - LA BONANOVA-;;
K001;Metro i línies urbanes FGC;Metro y líneas urbanas FGC;Underground trains;41.37724710620602;2.136923555062288;METRO (L5) - PLAÇA DE SANTS (C. de Sants)-;;
K001;Metro i línies urbanes FGC;Metro y líneas urbanas FGC;Underground trains;41.383994120666976;2.137285288972036;METRO (L3) - PLAÇA DEL CENTRE (Pl. del Centre)-;;
K001;Metro i línies urbanes FGC;Metro y líneas urbanas FGC;Underground trains;41.384490515910244;2.137624227709106;METRO (L3) - PLAÇA DEL CENTRE-;;
K001;Metro i línies urbanes FGC;Metro y líneas urbanas FGC;Underground trains;41.37738833998493;2.1383761395944525;METRO (L1) - PLAÇA DE SANTS (C. de Sants)-;;
K001;Metro i línies urbanes FGC;Metro y líneas urbanas FGC;Underground trains;41.377068074149655;2.138568152915941;METRO (L1) - PLAÇA DE SANTS (C. de Sants)-;;
K001;Metro i línies urbanes FGC;Metro y líneas urbanas FGC;Underground trains;41.41204516112586;2.1382486576082567;FGC (L7) - AVINGUDA DEL TIBIDABO-;;
K001;Metro i línies urbanes FGC;Metro y líneas urbanas FGC;Underground trains;41.37736012300294;2.139568350441145;METRO (L1) - PLAÇA DE SANTS-;;
K001;Metro i línies urbanes FGC;Metro y líneas urbanas FGC;Underground trains;41.37703445006739;2.139875961367393;METRO (L1) - PLAÇA DE SANTS (C. de Sants)-;;
K001;Metro i línies urbanes FGC;Metro y líneas urbanas FGC;Underground trains;41.377285555719894;2.139919758195728;METRO (L1) - PLAÇA DE SANTS (C. de Sants)-;;
K001;Metro i línies urbanes FGC;Metro y líneas urbanas FGC;Underground trains;41.37004560170008;2.1404326748170206;FGC (L8) - MAGÒRIA-LA CAMPANA-;;
K001;Metro i línies urbanes FGC;Metro y líneas urbanas FGC;Underground trains;41.38151691283035;2.140368897717389;METRO (L5) - SANTS ESTACIÓ-;;
K001;Metro i línies urbanes FGC;Metro y líneas urbanas FGC;Underground trains;41.407548672033165;2.140323523055438;FGC (L7) - EL PUTXET-;;
K001;Metro i línies urbanes FGC;Metro y líneas urbanas FGC;Underground trains;41.407861547227384;2.1403320567511885;FGC (L7) - EL PUTXET-;;
K001;Metro i línies urbanes FGC;Metro y líneas urbanas FGC;Underground trains;41.38141946952962;2.140813911726826;METRO (L5) - SANTS ESTACIÓ (Pg. de Sant Antoni)-;;
K001;Metro i línies urbanes FGC;Metro y líneas urbanas FGC;Underground trains;41.40725975273718;2.140605032007468;FGC (L7) - EL PUTXET-;;
K001;Metro i línies urbanes FGC;Metro y líneas urbanas FGC;Underground trains;41.383796791610365;2.1409619318071167;METRO (L3) - SANTS ESTACIÓ (C. d'Enric Bargés)-;;
K001;Metro i línies urbanes FGC;Metro y líneas urbanas FGC;Underground trains;41.38411554723067;2.1416170511413766;METRO (L3) - SANTS ESTACIÓ (Jardins de Màlaga)-;;
K001;Metro i línies urbanes FGC;Metro y líneas urbanas FGC;Underground trains;41.41978171095947;2.141826387530905;METRO (L3) - PENITENTS-;;
K001;Metro i línies urbanes FGC;Metro y líneas urbanas FGC;Underground trains;41.41902289520099;2.1420545234036474;METRO (L3) - PENITENTS (C. d'Anna Piferrer)-;;
K001;Metro i línies urbanes FGC;Metro y líneas urbanas FGC;Underground trains;41.41950933833279;2.142053936787107;METRO (L3) - PENITENTS (Av. de l'Hospital Militar)-;;
K001;Metro i línies urbanes FGC;Metro y líneas urbanas FGC;Underground trains;41.38333993892264;2.14258733503683;METRO (L3) - SANTS ESTACIÓ-;;
K001;Metro i línies urbanes FGC;Metro y líneas urbanas FGC;Underground trains;41.38267540128935;2.1426780480958576;METRO (L3) - SANTS ESTACIÓ (C. de Numància)-;;
K001;Metro i línies urbanes FGC;Metro y líneas urbanas FGC;Underground trains;41.382974967176494;2.143094449472567;METRO (L3) - SANTS ESTACIÓ (Av. de Josep Tarradellas)-;;
K001;Metro i línies urbanes FGC;Metro y líneas urbanas FGC;Underground trains;41.426884817968826;2.1425205281733795;METRO (L5) - VALL D'HEBRÓN-;;
K001;Metro i línies urbanes FGC;Metro y líneas urbanas FGC;Underground trains;41.37695181467628;2.143436937355349;METRO (L1) - HOSTAFRANCS (C. del Moianès)-;;
K001;Metro i línies urbanes FGC;Metro y líneas urbanas FGC;Underground trains;41.42691815814862;2.1430879844803052;METRO (L3, L5) - VALL D'HEBRON (Pg. de la Vall d'Hebron)-;;
K001;Metro i línies urbanes FGC;Metro y líneas urbanas FGC;Underground trains;41.405413859095276;2.143692706747645;FGC (L7) - PADUA-;;
K001;Metro i línies urbanes FGC;Metro y líneas urbanas FGC;Underground trains;41.40044893544833;2.1438292938805414;FGC (L6) - MUNTANER-;;
K001;Metro i línies urbanes FGC;Metro y líneas urbanas FGC;Underground trains;41.400793616955326;2.143927507839925;FGC (L6) - MUNTANER-;;
K001;Metro i línies urbanes FGC;Metro y líneas urbanas FGC;Underground trains;41.42708025303747;2.143623458962756;METRO (L3) - VALL D'HEBRON-;;
K001;Metro i línies urbanes FGC;Metro y líneas urbanas FGC;Underground trains;41.4052575738955;2.1440369593635706;FGC (L7) - PADUA-;;
K001;Metro i línies urbanes FGC;Metro y líneas urbanas FGC;Underground trains;41.37737028877614;2.1445197830377665;METRO (L1) - HOSTAFRANCS (C. del Consell de Cent)-;;
K001;Metro i línies urbanes FGC;Metro y líneas urbanas FGC;Underground trains;41.40046326269279;2.144326452365103;FGC (L6) - MUNTANER-;;
K001;Metro i línies urbanes FGC;Metro y líneas urbanas FGC;Underground trains;41.40495109965056;2.144340386351348;FGC (L7) - PADUA-;;
K001;Metro i línies urbanes FGC;Metro y líneas urbanas FGC;Underground trains;41.426741089982016;2.144063242596666;METRO (L3, L5) - VALL D'HEBRON (C. de les Basses d'Horta)-;;
K001;Metro i línies urbanes FGC;Metro y líneas urbanas FGC;Underground trains;41.377109385522196;2.145066315597516;METRO (L1) - HOSTAFRANCS-;;
K001;Metro i línies urbanes FGC;Metro y líneas urbanas FGC;Underground trains;41.380669916295844;2.1455312784863123;METRO (L3) - TARRAGONA (C. del Elisi)-;;
K001;Metro i línies urbanes FGC;Metro y líneas urbanas FGC;Underground trains;41.377173937179855;2.145598001045962;METRO (L1) - HOSTAFRANCS (C. de la Creu Coberta)-;;
K001;Metro i línies urbanes FGC;Metro y líneas urbanas FGC;Underground trains;41.38594347290063;2.1460278141317333;METRO (L5) - ENTENÇA (C. d'Entença)-;;
K001;Metro i línies urbanes FGC;Metro y líneas urbanas FGC;Underground trains;41.3806229944353;2.14630043227769;METRO (L3) - TARRAGONA (C. de Tarragona)-;;
K001;Metro i línies urbanes FGC;Metro y líneas urbanas FGC;Underground trains;41.41357075505704;2.1458742180490744;METRO (L3) - VALLCARCA (Av. de l'Hospital Militar)-;;
K001;Metro i línies urbanes FGC;Metro y líneas urbanas FGC;Underground trains;41.43244556275157;2.145629936791897;METRO (L3) - MONTBAU (Jardins de Pedro Muñoz Seca)-;;
K001;Metro i línies urbanes FGC;Metro y líneas urbanas FGC;Underground trains;41.413278863915316;2.1459391604638016;METRO (L3) - VALLCARCA (Jardins Manuel Blancafort)-;;
K001;Metro i línies urbanes FGC;Metro y líneas urbanas FGC;Underground trains;41.3798816893201;2.146511076778627;METRO (L3) - TARRAGONA (C. Sant Nicolau)-;;
K001;Metro i línies urbanes FGC;Metro y líneas urbanas FGC;Underground trains;41.38038265188617;2.1465536672198207;METRO (L3) - TARRAGONA-;;
K001;Metro i línies urbanes FGC;Metro y líneas urbanas FGC;Underground trains;41.413219372202725;2.146160375800683;METRO (L3) - VALLCARCA-;;
K001;Metro i línies urbanes FGC;Metro y líneas urbanas FGC;Underground trains;41.38627219351098;2.146681115154453;METRO (L5) - ENTENÇA-;;
K001;Metro i línies urbanes FGC;Metro y líneas urbanas FGC;Underground trains;41.432664920099256;2.146266830542042;METRO (L3) - MONTBAU-;;
K001;Metro i línies urbanes FGC;Metro y líneas urbanas FGC;Underground trains;41.432378760927044;2.1463333204045387;METRO (L3) - MONTBAU (Ronda de Dalt)-;;
K001;Metro i línies urbanes FGC;Metro y líneas urbanas FGC;Underground trains;41.38006698296612;2.147127003700404;METRO (L3) - TARRAGONA (C. d'Aragó)-;;
K001;Metro i línies urbanes FGC;Metro y líneas urbanas FGC;Underground trains;41.38679891077188;2.147150539826743;METRO (L5) - ENTENÇA (C. de Rocafort)-;;
K001;Metro i línies urbanes FGC;Metro y líneas urbanas FGC;Underground trains;41.403189961724586;2.1480917123755834;FGC (L6) - SANT GERVASI-;;
K001;Metro i línies urbanes FGC;Metro y líneas urbanas FGC;Underground trains;41.43725026540357;2.148091248008796;METRO (L3) - MUNDET (Llars Mundet - Velòdrom)-;;
K001;Metro i línies urbanes FGC;Metro y líneas urbanas FGC;Underground trains;41.40322148550582;2.148648736655483;FGC (L7) - PLAÇA MOLINA-;;
K001;Metro i línies urbanes FGC;Metro y líneas urbanas FGC;Underground trains;41.43705344432136;2.1485718654013866;METRO (L3) - MUNDET-;;
K001;Metro i línies urbanes FGC;Metro y líneas urbanas FGC;Underground trains;41.37716142244858;2.1493847882892214;METRO (L1) - ESPANYA (C. de la Creu Coberta)-;;
K001;Metro i línies urbanes FGC;Metro y líneas urbanas FGC;Underground trains;41.43667320379899;2.1488748294179465;METRO (L3) - MUNDET (Can Marcet)-;;
K001;Metro i línies urbanes FGC;Metro y líneas urbanas FGC;Underground trains;41.37636471205844;2.14970353091561;FGC (L8) - ESPANYA-;;
K001;Metro i línies urbanes FGC;Metro y líneas urbanas FGC;Underground trains;41.424951128197655;2.149149531234068;METRO (L5) - EL COLL / LA TEIXONERA (Pl. de Sant Crispí)-;;
K001;Metro i línies urbanes FGC;Metro y líneas urbanas FGC;Underground trains;41.37719746142506;2.149875975084214;METRO (L1) - ESPANYA-;;
K001;Metro i línies urbanes FGC;Metro y líneas urbanas FGC;Underground trains;41.376108639384384;2.1501659393866825;METRO (L3) - ESPANYA (Pl. d'Espanya)-;;
K001;Metro i línies urbanes FGC;Metro y líneas urbanas FGC;Underground trains;41.42379224911279;2.1495967720224396;METRO (L5) - EL COLL / LA TEIXONERA-;;
K001;Metro i línies urbanes FGC;Metro y líneas urbanas FGC;Underground trains;41.43714337820755;2.1496330570655475;METRO (L3) - MUNDET (Can Marcet)-;;
K001;Metro i línies urbanes FGC;Metro y líneas urbanas FGC;Underground trains;41.37736344148111;2.15053074039987;METRO (L1) - ESPANYA (C. de Tarragona)-;;
K001;Metro i línies urbanes FGC;Metro y líneas urbanas FGC;Underground trains;41.37633055118191;2.1509044777850796;METRO (L3) - ESPANYA (Av. de la Reina Maria Cristina)-;;
K001;Metro i línies urbanes FGC;Metro y líneas urbanas FGC;Underground trains;41.407928499038235;2.150647947735026;METRO (L3) - LESSEPS (Rda. Gral. Mitre)-;;
K001;Metro i línies urbanes FGC;Metro y líneas urbanas FGC;Underground trains;41.377180416559874;2.1511042554158997;METRO (L3) - ESPANYA (Gv. Corts Catalanes)-;;
K001;Metro i línies urbanes FGC;Metro y líneas urbanas FGC;Underground trains;41.421694979066494;2.1505804039437852;METRO (L5) - EL COLL / LA TEIXONERA (C. del Beat Almató)-;;
K001;Metro i línies urbanes FGC;Metro y líneas urbanas FGC;Underground trains;41.37664366358644;2.1512466057194133;METRO (L3) - ESPANYA (Av. del Paral.lel)-;;
K001;Metro i línies urbanes FGC;Metro y líneas urbanas FGC;Underground trains;41.37697769148124;2.1513763311439997;METRO (L3) - ESPANYA-;;
K001;Metro i línies urbanes FGC;Metro y líneas urbanas FGC;Underground trains;41.39004397460169;2.151366142362204;METRO (L5) - HOSPITAL CLÍNIC (C. del Comte d'Urgell)-;;
K001;Metro i línies urbanes FGC;Metro y líneas urbanas FGC;Underground trains;41.4227956626623;2.151218705338403;METRO (L5) - EL COLL / LA TEIXONERA (C. de Batet)-;;
K001;Metro i línies urbanes FGC;Metro y líneas urbanas FGC;Underground trains;41.40841743522958;2.1514672776507124;METRO (L3) - LESSEPS-;;
K001;Metro i línies urbanes FGC;Metro y líneas urbanas FGC;Underground trains;41.390293820227285;2.151751555770276;METRO (L5) - HOSPITAL CLÍNIC (C. del Comte d'Urgell)-;;
K001;Metro i línies urbanes FGC;Metro y líneas urbanas FGC;Underground trains;41.39085044341148;2.1520601544470113;METRO (L5) - HOSPITAL CLÍNIC-;;
K001;Metro i línies urbanes FGC;Metro y líneas urbanas FGC;Underground trains;41.39076419966644;2.152845639345906;METRO (L5) - HOSPITAL CLÍNIC (C. de Villarroel)-;;
K001;Metro i línies urbanes FGC;Metro y líneas urbanas FGC;Underground trains;41.40149713637735;2.152711857053335;FGC (L6,L7) - GRÀCIA (C. de Marià Cubí)-;;
K001;Metro i línies urbanes FGC;Metro y líneas urbanas FGC;Underground trains;41.40185694985841;2.153504912003671;FGC (L6,L7) - GRÀCIA (Pl. de Gal·la Placídia)-;;
K001;Metro i línies urbanes FGC;Metro y líneas urbanas FGC;Underground trains;41.401372414239525;2.1535825838779776;FGC (L6,L7) - GRÀCIA-;;
K001;Metro i línies urbanes FGC;Metro y líneas urbanas FGC;Underground trains;41.40441508180645;2.1538744913287986;METRO (L3) - FONTANA (C. Gran de Gràcia)-;;
K001;Metro i línies urbanes FGC;Metro y líneas urbanas FGC;Underground trains;41.40411509150991;2.153890932958465;METRO (L3) - FONTANA-;;
K001;Metro i línies urbanes FGC;Metro y líneas urbanas FGC;Underground trains;41.3808879469517;2.1550412270297334;METRO (L1) - ROCAFORT (C. de Rocafort)-;;
K001;Metro i línies urbanes FGC;Metro y líneas urbanas FGC;Underground trains;41.38050291784645;2.1554813250503395;METRO (L1) - ROCAFORT (C. de Rocafort)-;;
K001;Metro i línies urbanes FGC;Metro y líneas urbanas FGC;Underground trains;41.380966969123264;2.155531924849749;METRO (L1) - ROCAFORT-;;
K001;Metro i línies urbanes FGC;Metro y líneas urbanas FGC;Underground trains;41.3814737293474;2.155988271045697;METRO (L1) - ROCAFORT (Gv. Corts Catalanes)-;;
K001;Metro i línies urbanes FGC;Metro y líneas urbanas FGC;Underground trains;41.38127862544764;2.156246043478858;METRO (L1) - ROCAFORT (Gv. Corts Catalanes)-;;
K001;Metro i línies urbanes FGC;Metro y líneas urbanas FGC;Underground trains;41.42537663751535;2.1560891582232573;METRO (L5) - CARMEL (C. de Llobregós - Mercat)-;;
K001;Metro i línies urbanes FGC;Metro y líneas urbanas FGC;Underground trains;41.426414853663616;2.1562021049350055;METRO (L5) - CARMEL-;;
K001;Metro i línies urbanes FGC;Metro y líneas urbanas FGC;Underground trains;41.42723620797155;2.157149675380176;METRO (L5) - CARMEL (Pl. de Pastrana)-;;
K001;Metro i línies urbanes FGC;Metro y líneas urbanas FGC;Underground trains;41.439388889635545;2.157468441130138;METRO (L3) - VALLDAURA-;;
K001;Metro i línies urbanes FGC;Metro y líneas urbanas FGC;Underground trains;41.43994633615853;2.1580829021229553;METRO (L3) - VALLDAURA-;;
K001;Metro i línies urbanes FGC;Metro y líneas urbanas FGC;Underground trains;41.39517950358134;2.1587248862581268;FGC (L6,L7) - PROVENÇA (C. del Rossellò)-;;
K001;Metro i línies urbanes FGC;Metro y líneas urbanas FGC;Underground trains;41.39472666024421;2.159031626443679;FGC (L6,L7) - PROVENÇA-;;
K001;Metro i línies urbanes FGC;Metro y líneas urbanas FGC;Underground trains;41.383873537633065;2.1593128359530476;METRO (L1) - URGELL (Gv. Corts Catalanes)-;;
K001;Metro i línies urbanes FGC;Metro y líneas urbanas FGC;Underground trains;41.394148565049846;2.1594022371801027;FGC (L6,L7) - PROVENÇA (C. de Provença)-;;
K001;Metro i línies urbanes FGC;Metro y líneas urbanas FGC;Underground trains;41.396268557603314;2.1595634218439317;METRO (L5) - DIAGONAL (Rambla de Catalunya)-;;
K001;Metro i línies urbanes FGC;Metro y líneas urbanas FGC;Underground trains;41.37703763256786;2.1598973452702532;METRO (L3) - POBLE SEC (C. de Manso)-;;
K001;Metro i línies urbanes FGC;Metro y líneas urbanas FGC;Underground trains;41.37668738371026;2.1600120506099265;METRO (L3) - POBLE SEC (Av. del Paral.lel)-;;
K001;Metro i línies urbanes FGC;Metro y líneas urbanas FGC;Underground trains;41.384274921557164;2.1600738807303186;METRO (L1) - URGELL-;;
K001;Metro i línies urbanes FGC;Metro y líneas urbanas FGC;Underground trains;41.39635361684488;2.1601816676832386;METRO (L5) - DIAGONAL (C. del Rosselló)-;;
K001;Metro i línies urbanes FGC;Metro y líneas urbanas FGC;Underground trains;41.39670490879223;2.1602359279552004;METRO (L5) - DIAGONAL-;;
K001;Metro i línies urbanes FGC;Metro y líneas urbanas FGC;Underground trains;41.43162911524651;2.159818761417522;METRO (L5) - HORTA (Bda. de la Plana)-;;
K001;Metro i línies urbanes FGC;Metro y líneas urbanas FGC;Underground trains;41.384772646778934;2.160525246393015;METRO (L1) - URGELL (Gv. Corts Catalanes)-;;
K001;Metro i línies urbanes FGC;Metro y líneas urbanas FGC;Underground trains;41.37696447380326;2.160955392927932;METRO (L3) - POBLE SEC-;;
K001;Metro i línies urbanes FGC;Metro y líneas urbanas FGC;Underground trains;41.38448540449495;2.160925127908228;METRO (L1) - URGELL (C. de Villarroel)-;;
K001;Metro i línies urbanes FGC;Metro y líneas urbanas FGC;Underground trains;41.397927658432735;2.1607890868921866;METRO (L3) - DIAGONAL (Pl. Joan Carles I)-;;
K001;Metro i línies urbanes FGC;Metro y líneas urbanas FGC;Underground trains;41.398133085525195;2.1611982652898076;METRO (L3) - DIAGONAL (Av. Diagonal)-;;
K001;Metro i línies urbanes FGC;Metro y líneas urbanas FGC;Underground trains;41.397572731698624;2.161549544744701;METRO (L3) - DIAGONAL-;;
K001;Metro i línies urbanes FGC;Metro y líneas urbanas FGC;Underground trains;41.397239603064804;2.1615748799401047;METRO (L3) - DIAGONAL (Pg. de Gràcia)-;;
K001;Metro i línies urbanes FGC;Metro y líneas urbanas FGC;Underground trains;41.37702147785021;2.1621848088853692;METRO (L3) - POBLE SEC (Av. del Paral.lel)-;;
K001;Metro i línies urbanes FGC;Metro y líneas urbanas FGC;Underground trains;41.3975625120931;2.1619803463167653;METRO (L3) - DIAGONAL (Pg. de Gràcia)-;;
K001;Metro i línies urbanes FGC;Metro y líneas urbanas FGC;Underground trains;41.43154768029205;2.161559763769609;METRO (L5) - HORTA (C. del Tajo)-;;
K001;Metro i línies urbanes FGC;Metro y líneas urbanas FGC;Underground trains;41.37702148382749;2.1627660461697156;METRO (L3) - POBLE SEC (Av. del Paral.lel)-;;
K001;Metro i línies urbanes FGC;Metro y líneas urbanas FGC;Underground trains;41.431580423850356;2.1622548401958723;METRO (L5) - HORTA-;;
K001;Metro i línies urbanes FGC;Metro y líneas urbanas FGC;Underground trains;41.43186005278526;2.162304589431023;METRO (L5) - HORTA (Pl. d'Eivissa)-;;
K001;Metro i línies urbanes FGC;Metro y líneas urbanas FGC;Underground trains;41.38177068610914;2.1640911793497004;METRO (L2) - SANT ANTONI-;;
K001;Metro i línies urbanes FGC;Metro y líneas urbanas FGC;Underground trains;41.40786941518916;2.163839725738098;METRO (L4) - JOANIC (C. de l'Escorial)-;;
K001;Metro i línies urbanes FGC;Metro y líneas urbanas FGC;Underground trains;41.38250703989433;2.1642484306586955;METRO (L2) - SANT ANTONI (C. de Villarroel)-;;
K001;Metro i línies urbanes FGC;Metro y líneas urbanas FGC;Underground trains;41.38683320470945;2.1643278731752047;METRO (L2) - UNIVERSITAT-;;
K001;Metro i línies urbanes FGC;Metro y líneas urbanas FGC;Underground trains;41.38080744244349;2.1644846464465695;METRO (L2) - SANT ANTONI (Rda. Sant Antoni)-;;
K001;Metro i línies urbanes FGC;Metro y líneas urbanas FGC;Underground trains;41.40781886034201;2.164239478390378;METRO (L4) - JOANIC (C. de Pi i Margall)-;;
K001;Metro i línies urbanes FGC;Metro y líneas urbanas FGC;Underground trains;41.38722056913936;2.164550664807704;METRO (L1) - UNIVERSITAT (Pl. de la Universitat)-;;
K001;Metro i línies urbanes FGC;Metro y líneas urbanas FGC;Underground trains;41.408340856153096;2.1643912566417027;METRO (L4) - JOANIC-;;
K001;Metro i línies urbanes FGC;Metro y líneas urbanas FGC;Underground trains;41.386331333701875;2.1647571692969514;METRO (L2) - UNIVERSITAT (Rda. de Sant Antoni)-;;
K001;Metro i línies urbanes FGC;Metro y líneas urbanas FGC;Underground trains;41.38683842525254;2.164775198246986;METRO (L2) - UNIVERSITAT (C. d'Aribau)-;;
K001;Metro i línies urbanes FGC;Metro y líneas urbanas FGC;Underground trains;41.38666136055209;2.1652165186501584;METRO (L2) - UNIVERSITAT (Rda. de Sant Antoni)-;;
K001;Metro i línies urbanes FGC;Metro y líneas urbanas FGC;Underground trains;41.38736859417999;2.165238868443001;METRO (L1) - UNIVERSITAT-;;
K001;Metro i línies urbanes FGC;Metro y líneas urbanas FGC;Underground trains;41.394145292484325;2.1655297084163143;METRO (L3) - PASSEIG DE GRÀCIA (Pg. de Gràcia)-;;
K001;Metro i línies urbanes FGC;Metro y líneas urbanas FGC;Underground trains;41.38796240898415;2.1656467374171617;METRO (L1) - UNIVERSITAT (Rda. de la Universitat)-;;
K001;Metro i línies urbanes FGC;Metro y líneas urbanas FGC;Underground trains;41.3947133047177;2.165646380505322;METRO (L3) - PASSEIG DE GRÀCIA-;;
K001;Metro i línies urbanes FGC;Metro y líneas urbanas FGC;Underground trains;41.38763215517084;2.1657954674760287;METRO (L1) - UNIVERSITAT (C. de Pelai)-;;
K001;Metro i línies urbanes FGC;Metro y líneas urbanas FGC;Underground trains;41.39372246474493;2.165877854706482;METRO (L3) - PASSEIG DE GRÀCIA (C. d'Aragó)-;;
K001;Metro i línies urbanes FGC;Metro y líneas urbanas FGC;Underground trains;41.394398468647026;2.165947454544871;METRO (L3) - PASSEIG DE GRÀCIA (Pg. de Gràcia)-;;
K001;Metro i línies urbanes FGC;Metro y líneas urbanas FGC;Underground trains;41.39403452543257;2.1663184954631616;METRO (L3) - PASSEIG DE GRÀCIA (C. d'Aragó)-;;
K001;Metro i línies urbanes FGC;Metro y líneas urbanas FGC;Underground trains;41.413940830386935;2.16616437557108;METRO (L4) - ALFONS X (Pl. d'Alfons el Savi)-;;
K001;Metro i línies urbanes FGC;Metro y líneas urbanas FGC;Underground trains;41.39316876726942;2.166722304603924;METRO (L3) - PASSEIG DE GRÀCIA (C. del Consell de Cent)-;;
K001;Metro i línies urbanes FGC;Metro y líneas urbanas FGC;Underground trains;41.44348913762307;2.166272931035322;METRO (L3) - CANYELLES (Federico García Lorca)-;;
K001;Metro i línies urbanes FGC;Metro y líneas urbanas FGC;Underground trains;41.40049421151897;2.1673531126354515;METRO (L5) - VERDAGUER (C. de Girona)-;;
K001;Metro i línies urbanes FGC;Metro y líneas urbanas FGC;Underground trains;41.41359306861575;2.167238680059349;METRO (L4) - ALFONS X-;;
K001;Metro i línies urbanes FGC;Metro y líneas urbanas FGC;Underground trains;41.414249446327766;2.167306360808295;METRO (L4) - ALFONS X (Parc de les Aigües)-;;
K001;Metro i línies urbanes FGC;Metro y líneas urbanas FGC;Underground trains;41.44384228813457;2.1671553221726874;METRO (L3) - CANYELLES-;;
K001;Metro i línies urbanes FGC;Metro y líneas urbanas FGC;Underground trains;41.40058640076688;2.1678047217058998;METRO (L5) - VERDAGUER-;;
K001;Metro i línies urbanes FGC;Metro y líneas urbanas FGC;Underground trains;41.38773694240909;2.168091304298918;FGC (L6,L7) - CATALUNYA (C. de Balmes)-;;
K001;Metro i línies urbanes FGC;Metro y líneas urbanas FGC;Underground trains;41.44366285187667;2.1674304087290395;METRO (L3) - CANYELLES (Parc de Josep Maria Serra Martí)-;;
K001;Metro i línies urbanes FGC;Metro y líneas urbanas FGC;Underground trains;41.413865308501826;2.1679605089506984;METRO (L4) - ALFONS X (C. de Lepant)-;;
K001;Metro i línies urbanes FGC;Metro y líneas urbanas FGC;Underground trains;41.37690882765767;2.1686549671548776;METRO (L2) - PARAL·LEL-;;
K001;Metro i línies urbanes FGC;Metro y líneas urbanas FGC;Underground trains;41.43241888342686;2.16806908176733;METRO (L5) - VILAPICINA (C. de Canfranc)-;;
K001;Metro i línies urbanes FGC;Metro y líneas urbanas FGC;Underground trains;41.432136999352814;2.1680870433856585;METRO (L5) - VILAPICINA (Pg. de Fabra i Puig)-;;
K001;Metro i línies urbanes FGC;Metro y líneas urbanas FGC;Underground trains;41.3766136511319;2.1688407711265443;METRO (L2) - PARAL·LEL (C. d'en Fontrodona)-;;
K001;Metro i línies urbanes FGC;Metro y líneas urbanas FGC;Underground trains;41.38791298731736;2.168722243934359;FGC (L6,L7) - CATALUNYA (C. de Bergara)-;;
K001;Metro i línies urbanes FGC;Metro y líneas urbanas FGC;Underground trains;41.40093836498718;2.1685704942371804;METRO (L5) - VERDAGUER (C. de Bailèn)-;;
K001;Metro i línies urbanes FGC;Metro y líneas urbanas FGC;Underground trains;41.39143275738523;2.168757963829696;METRO (L4) - PASSEIG DE GRÀCIA-;;
K001;Metro i línies urbanes FGC;Metro y líneas urbanas FGC;Underground trains;41.39110137686324;2.168838533743166;METRO (L2) - PASSEIG DE GRÀCIA (Gv. Corts Catalanes)-;;
K001;Metro i línies urbanes FGC;Metro y líneas urbanas FGC;Underground trains;41.391481470893076;2.1688516101451203;METRO (L4) - PASSEIG DE GRÀCIA (Pg. de Gràcia)-;;
K001;Metro i línies urbanes FGC;Metro y líneas urbanas FGC;Underground trains;41.3770489209446;2.1693046779057785;METRO (L2) - PARAL·LEL (Av. de Paral.lel)-;;
K001;Metro i línies urbanes FGC;Metro y líneas urbanas FGC;Underground trains;41.43264182940399;2.168837100183002;METRO (L5) - VILAPICINA-;;
K001;Metro i línies urbanes FGC;Metro y líneas urbanas FGC;Underground trains;41.391350789583726;2.1694066385440323;METRO (L2) - PASSEIG DE GRÀCIA-;;
K001;Metro i línies urbanes FGC;Metro y líneas urbanas FGC;Underground trains;41.38952350588538;2.169583415796313;METRO (L1) - CATALUNYA (Rambla de Catalunya)-;;
K001;Metro i línies urbanes FGC;Metro y líneas urbanas FGC;Underground trains;41.38901802317967;2.1696646274459286;METRO (L1) - CATALUNYA (Rda. Universitat)-;;
K001;Metro i línies urbanes FGC;Metro y líneas urbanas FGC;Underground trains;41.40198765627677;2.1696681307881827;METRO (L4) - VERDAGUER-;;
K001;Metro i línies urbanes FGC;Metro y líneas urbanas FGC;Underground trains;41.391112698711545;2.1698116498673823;METRO (L2) - PASSEIG DE GRÀCIA (Pg. de Gràcia)-;;
K001;Metro i línies urbanes FGC;Metro y líneas urbanas FGC;Underground trains;41.40180796981085;2.1697460613600956;METRO (L4) - VERDAGUER (Pg. de Sant Joan)-;;
K001;Metro i línies urbanes FGC;Metro y líneas urbanas FGC;Underground trains;41.43239004077026;2.1695338079117112;METRO (L5) - VILAPICINA (Pg. de Fabra i Puig)-;;
K001;Metro i línies urbanes FGC;Metro y líneas urbanas FGC;Underground trains;41.3875247624081;2.170579389476687;FGC (L6,L7) - CATALUNYA-;;
K001;Metro i línies urbanes FGC;Metro y líneas urbanas FGC;Underground trains;41.38938774957554;2.170568162027555;METRO (L1) - CATALUNYA (Pl. de Catalunya)-;;
K001;Metro i línies urbanes FGC;Metro y líneas urbanas FGC;Underground trains;41.38944257341076;2.1705837320278536;METRO (L1) - CATALUNYA-;;
K001;Metro i línies urbanes FGC;Metro y líneas urbanas FGC;Underground trains;41.38718352589563;2.1706474279941976;METRO (L3) - CATALUNYA (C. de Pelai)-;;
K001;Metro i línies urbanes FGC;Metro y líneas urbanas FGC;Underground trains;41.38766010792402;2.1706741792574813;FGC (L6,L7) - CATALUNYA (C. de Pelai)-;;
K001;Metro i línies urbanes FGC;Metro y líneas urbanas FGC;Underground trains;41.38992913170636;2.170673678218356;METRO (L1) - CATALUNYA (Pg. de Gràcia)-;;
K001;Metro i línies urbanes FGC;Metro y líneas urbanas FGC;Underground trains;41.38776363321583;2.1707906875536667;METRO (L3) - CATALUNYA (Pl. Catalunya)-;;
K001;Metro i línies urbanes FGC;Metro y líneas urbanas FGC;Underground trains;41.376545628754535;2.1711588569280966;METRO (L3) - PARAL·LEL (Av. de Paral.lel)-;;
K001;Metro i línies urbanes FGC;Metro y líneas urbanas FGC;Underground trains;41.3873490194937;2.1711510159691656;METRO (L3) - CATALUNYA (la Rambla)-;;
K001;Metro i línies urbanes FGC;Metro y líneas urbanas FGC;Underground trains;41.37699461899698;2.1715092248494723;METRO (L3) - PARAL·LEL (C. Nou de la Rambla)-;;
K001;Metro i línies urbanes FGC;Metro y líneas urbanas FGC;Underground trains;41.3881034620886;2.171419985830614;METRO (L3) - CATALUNYA-;;
K001;Metro i línies urbanes FGC;Metro y líneas urbanas FGC;Underground trains;41.37689682978198;2.1717940284728146;METRO (L3) - PARAL·LEL-;;
K001;Metro i línies urbanes FGC;Metro y líneas urbanas FGC;Underground trains;41.38973199089506;2.1717638062044498;METRO (L1) - CATALUNYA (Rda. de Sant Pere)-;;
K001;Metro i línies urbanes FGC;Metro y líneas urbanas FGC;Underground trains;41.38785798187126;2.1718017878841467;METRO (L3) - CATALUNYA (C. Fontanella)-;;
K001;Metro i línies urbanes FGC;Metro y líneas urbanas FGC;Underground trains;41.39664048289564;2.171935148107295;METRO (L4) - GIRONA (C. Consell de Cent)-;;
K001;Metro i línies urbanes FGC;Metro y líneas urbanas FGC;Underground trains;41.396614238770525;2.172410154360141;METRO (L4) - GIRONA (C. de Girona)-;;
K001;Metro i línies urbanes FGC;Metro y líneas urbanas FGC;Underground trains;41.39707767166049;2.1724824012708095;METRO (L4) - GIRONA-;;
K001;Metro i línies urbanes FGC;Metro y líneas urbanas FGC;Underground trains;41.4643743552319;2.17209486406853;METRO (L11) - CAN CUIÀS (C. Circumval·lació - Montcada)-;;
K001;Metro i línies urbanes FGC;Metro y líneas urbanas FGC;Underground trains;41.46455631607434;2.1726560552282472;METRO (L11) - CAN CUIÀS-;;
K001;Metro i línies urbanes FGC;Metro y líneas urbanas FGC;Underground trains;41.390588882670905;2.173689208512453;METRO (L4) - URQUINAONA (Pl. d'Urquinaona)-;;
K001;Metro i línies urbanes FGC;Metro y líneas urbanas FGC;Underground trains;41.38354010637088;2.173870842402071;METRO (L3) - LICEU (La Rambla)-;;
K001;Metro i línies urbanes FGC;Metro y líneas urbanas FGC;Underground trains;41.46473828320851;2.1732172494479833;METRO (L11) - CAN CUIÀS (C. Tapissers - Montcada)-;;
K001;Metro i línies urbanes FGC;Metro y líneas urbanas FGC;Underground trains;41.39133750150994;2.1741666713273298;METRO (L1) - URQUINAONA-;;
K001;Metro i línies urbanes FGC;Metro y líneas urbanas FGC;Underground trains;41.39029822388098;2.1741803984433643;METRO (L4) - URQUINAONA-;;
K001;Metro i línies urbanes FGC;Metro y líneas urbanas FGC;Underground trains;41.40557940599497;2.1741531100431124;METRO (L5) - SAGRADA FAMÍLIA (C. de Sardenya)-;;
K001;Metro i línies urbanes FGC;Metro y líneas urbanas FGC;Underground trains;41.39121913770505;2.1744483733426816;METRO (L1) - URQUINAONA (Pl. d'Urquinaona)-;;
K001;Metro i línies urbanes FGC;Metro y líneas urbanas FGC;Underground trains;41.382786652372296;2.1745834653332077;METRO (L3) - LICEU (Pla de la Boqueria)-;;
K001;Metro i línies urbanes FGC;Metro y líneas urbanas FGC;Underground trains;41.38248311039566;2.174606403442274;METRO (L3) - LICEU-;;
K001;Metro i línies urbanes FGC;Metro y líneas urbanas FGC;Underground trains;41.438533557224844;2.1739606002774714;METRO (L4) - LLUCMAJOR (Pg. del Verdum)-;;
K001;Metro i línies urbanes FGC;Metro y líneas urbanas FGC;Underground trains;41.4053293400559;2.1744342321434895;METRO (L5) - SAGRADA FAMÍLIA (C. de Provença)-;;
K001;Metro i línies urbanes FGC;Metro y líneas urbanas FGC;Underground trains;41.39092619673346;2.1750802570912025;METRO (L1) - URQUINAONA (C. Jonqueres)-;;
K001;Metro i línies urbanes FGC;Metro y líneas urbanas FGC;Underground trains;41.40593458672505;2.174953797403752;METRO (L5) - SAGRADA FAMÍLIA-;;
K001;Metro i línies urbanes FGC;Metro y líneas urbanas FGC;Underground trains;41.43903264757079;2.1745613427974444;METRO (L4) - LLUCMAJOR-;;
K001;Metro i línies urbanes FGC;Metro y líneas urbanas FGC;Underground trains;41.38938171492321;2.175233480691006;METRO (L4) - URQUINAONA (Via Laietana)-;;
K001;Metro i línies urbanes FGC;Metro y líneas urbanas FGC;Underground trains;41.439398129816766;2.174761759070057;METRO (L4) - LLUCMAJOR (Pg. del Verdum)-;;
K001;Metro i línies urbanes FGC;Metro y líneas urbanas FGC;Underground trains;41.40642402363192;2.1753077228584257;METRO (L5) - SAGRADA FAMÍLIA (C. de la Marina)-;;
K001;Metro i línies urbanes FGC;Metro y líneas urbanas FGC;Underground trains;41.4389964299216;2.1750298889353825;METRO (L4) - LLUCMAJOR (Pl. del Jardins d'Alfàbia)-;;
K001;Metro i línies urbanes FGC;Metro y líneas urbanas FGC;Underground trains;41.417822216416944;2.175317812997536;METRO (L4) - HOSPITAL DE SANT PAU-GUINARDÓ (C. del Mas Casanovas)-;;
K001;Metro i línies urbanes FGC;Metro y líneas urbanas FGC;Underground trains;41.432083676553745;2.1752101883522457;METRO (L5) - VIRREI AMAT (Pg. Fabra i Puig)-;;
K001;Metro i línies urbanes FGC;Metro y líneas urbanas FGC;Underground trains;41.39644197905363;2.175667516366765;METRO (L2) - PLAÇA TETUAN-;;
K001;Metro i línies urbanes FGC;Metro y líneas urbanas FGC;Underground trains;41.3967732793525;2.1757523891972177;METRO (L2) - PLAÇA TETUÁN (Pl. de Tetuán)-;;
K001;Metro i línies urbanes FGC;Metro y líneas urbanas FGC;Underground trains;41.41819575616437;2.1755138921348554;METRO (L4) - HOSPITAL DE SANT PAU-GUINARDÓ (C. Sant Quintí)-;;
K001;Metro i línies urbanes FGC;Metro y líneas urbanas FGC;Underground trains;41.417813986603235;2.1756123314866196;METRO (L4) - HOSPITAL DE SANT PAU-GUINARDÓ-;;
K001;Metro i línies urbanes FGC;Metro y líneas urbanas FGC;Underground trains;41.39183913888145;2.176095406148172;METRO (L1) - URQUINAONA (C. Bruc)-;;
K001;Metro i línies urbanes FGC;Metro y líneas urbanas FGC;Underground trains;41.43229441281544;2.1756799403798093;METRO (L5) - VIRREI AMAT (C. del Doctor Pi i Molist)-;;
K001;Metro i línies urbanes FGC;Metro y líneas urbanas FGC;Underground trains;41.431222058393544;2.17592256139867;METRO (L5) - VIRREI AMAT (Pl. de Virrei Amat)-;;
K001;Metro i línies urbanes FGC;Metro y líneas urbanas FGC;Underground trains;41.46270717577333;2.175550990520449;METRO (L11) - CIUTAT MERIDIANA (C. Pedraforca)-;;
K001;Metro i línies urbanes FGC;Metro y líneas urbanas FGC;Underground trains;41.43154971003828;2.1759523007432544;METRO (L5) - VIRREI AMAT-;;
K001;Metro i línies urbanes FGC;Metro y líneas urbanas FGC;Underground trains;41.378490126268794;2.176632658538927;METRO (L3) - DRASSANES (C. de Montserrat)-;;
K001;Metro i línies urbanes FGC;Metro y líneas urbanas FGC;Underground trains;41.39610297292775;2.1765619262330116;METRO (L2) - PLAÇA TETUÁN (Pl. de Tetuán)-;;
K001;Metro i línies urbanes FGC;Metro y líneas urbanas FGC;Underground trains;41.41198343055206;2.1764697039580927;METRO (L5) - SANT PAU-DOS DE MAIG (C. de Cartagena)-;;
K001;Metro i línies urbanes FGC;Metro y líneas urbanas FGC;Underground trains;41.44872704276422;2.176094373397367;METRO (L3) - ROQUETES (Vidal i Guasch)                                                              -;;
K001;Metro i línies urbanes FGC;Metro y líneas urbanas FGC;Underground trains;41.40566505785269;2.1766390068555257;METRO (L2) - SAGRADA FAMÍLIA (Pl. de Gaudí)-;;
K001;Metro i línies urbanes FGC;Metro y líneas urbanas FGC;Underground trains;41.37892908262052;2.177063517453766;METRO (L3) - DRASSANES (C. del Portal de Santa Madrona)-;;
K001;Metro i línies urbanes FGC;Metro y líneas urbanas FGC;Underground trains;41.43103171977923;2.1766455947852794;METRO (L5) - VIRREI AMAT (C. de Felip II)-;;
K001;Metro i línies urbanes FGC;Metro y líneas urbanas FGC;Underground trains;41.378634944133516;2.1773611281733287;METRO (L3) - DRASSANES-;;
K001;Metro i línies urbanes FGC;Metro y líneas urbanas FGC;Underground trains;41.3790171548428;2.1775191095728745;METRO (L3) - DRASSANES (La Rambla)-;;
K001;Metro i línies urbanes FGC;Metro y líneas urbanas FGC;Underground trains;41.42755058290252;2.1769777176054683;METRO (L5) - MARAGALL (Pg.de Maragall)-;;
K001;Metro i línies urbanes FGC;Metro y líneas urbanas FGC;Underground trains;41.40607454686035;2.177392017477481;METRO (L2) - SAGRADA FAMÍLIA-;;
K001;Metro i línies urbanes FGC;Metro y líneas urbanas FGC;Underground trains;41.41303174451136;2.1773405749378956;METRO (L5) - SANT PAU-DOS DE MAIG (C. del Dos de Maig)-;;
K001;Metro i línies urbanes FGC;Metro y líneas urbanas FGC;Underground trains;41.412838762628624;2.177401495750207;METRO (L5) - SANT PAU-DOS DE MAIG-;;
K001;Metro i línies urbanes FGC;Metro y líneas urbanas FGC;Underground trains;41.448751318758454;2.177097447006288;METRO (L3) - ROQUETES (Pla de Fornells)                                                             -;;
K001;Metro i línies urbanes FGC;Metro y líneas urbanas FGC;Underground trains;41.42768685499124;2.1775518336364086;METRO (L5) - MARAGALL-;;
K001;Metro i línies urbanes FGC;Metro y líneas urbanas FGC;Underground trains;41.449212179026894;2.177329827755244;METRO (L3) - ROQUETES                                                                               -;;
K001;Metro i línies urbanes FGC;Metro y líneas urbanas FGC;Underground trains;41.427456141188095;2.177635420893395;METRO (L5) - MARAGALL (Av. de Borbó)-;;
K001;Metro i línies urbanes FGC;Metro y líneas urbanas FGC;Underground trains;41.42630650026966;2.1782969844380977;METRO (L4,L5) - MARAGALL (Pg. de Maragall)-;;
K001;Metro i línies urbanes FGC;Metro y líneas urbanas FGC;Underground trains;41.42451933871984;2.1784266724513044;METRO (L4) - MARAGALL (Rda. del Guinardó)-;;
K001;Metro i línies urbanes FGC;Metro y líneas urbanas FGC;Underground trains;41.44976863146233;2.17819573539128;METRO (L3) - ROQUETES (Pla dels Cirerers)                                                           -;;
K001;Metro i línies urbanes FGC;Metro y líneas urbanas FGC;Underground trains;41.42608725136547;2.1787715131374954;METRO (L4) - MARAGALL-;;
K001;Metro i línies urbanes FGC;Metro y líneas urbanas FGC;Underground trains;41.38595442920177;2.1794200249817144;METRO (L4) - JAUME I (Pl. l'Àngel)-;;
K001;Metro i línies urbanes FGC;Metro y líneas urbanas FGC;Underground trains;41.385801821687124;2.180201931319618;METRO (L4) - JAUME I-;;
K001;Metro i línies urbanes FGC;Metro y líneas urbanas FGC;Underground trains;41.38559150136654;2.180281046773847;METRO (L4) - JAUME I (Via Laietana)-;;
K001;Metro i línies urbanes FGC;Metro y líneas urbanas FGC;Underground trains;41.44520047345003;2.179535886351446;METRO (L4) - VIA JÚLIA (Via Júlia - Batllori)-;;
K001;Metro i línies urbanes FGC;Metro y líneas urbanas FGC;Underground trains;41.44596330095238;2.179903168347572;METRO (L4) - VIA JÚLIA (Via Júlia - Joaquim Valls)-;;
K001;Metro i línies urbanes FGC;Metro y líneas urbanas FGC;Underground trains;41.4457465109701;2.179984130402945;METRO (L4) - VIA JÚLIA-;;
K001;Metro i línies urbanes FGC;Metro y líneas urbanas FGC;Underground trains;41.4019974892855;2.1806579420320045;METRO (L2) - MONUMENTAL (C. de la Marina)-;;
K001;Metro i línies urbanes FGC;Metro y líneas urbanas FGC;Underground trains;41.461442103689905;2.180197449517319;METRO (L11) - TORRE DEL BARÓ (C. Sant Feliu de Codines)-;;
K001;Metro i línies urbanes FGC;Metro y líneas urbanas FGC;Underground trains;41.39420429802996;2.181138199043306;METRO (L1) - ARC DE TRIOMF-;;
K001;Metro i línies urbanes FGC;Metro y líneas urbanas FGC;Underground trains;41.402148918786196;2.18109888331717;METRO (L2) - MONUMENTAL (C. de la Diputació)-;;
K001;Metro i línies urbanes FGC;Metro y líneas urbanas FGC;Underground trains;41.4019047819401;2.181114378143945;METRO (L2) - MONUMENTAL-;;
K001;Metro i línies urbanes FGC;Metro y líneas urbanas FGC;Underground trains;41.39348118040953;2.181457882791973;METRO (L1) - ARC DE TRIOMF (Avda. de Vilanova)-;;
K001;Metro i línies urbanes FGC;Metro y líneas urbanas FGC;Underground trains;41.46122725534871;2.180927737691102;METRO (L11) - TORRE DEL BARÓ-;;
K001;Metro i línies urbanes FGC;Metro y líneas urbanas FGC;Underground trains;41.4253229222305;2.181858526884477;METRO (L5) - CONGRÉS (C. de Garcilaso)-;;
K001;Metro i línies urbanes FGC;Metro y líneas urbanas FGC;Underground trains;41.41681726725662;2.182015786817542;METRO (L5) - CAMP DE L'ARPA-;;
K001;Metro i línies urbanes FGC;Metro y líneas urbanas FGC;Underground trains;41.416616209798704;2.1821916595209325;METRO (L5) - CAMP DE L'ARPA (Pg. de Maragall)-;;
K001;Metro i línies urbanes FGC;Metro y líneas urbanas FGC;Underground trains;41.461012402403966;2.1816580330799176;METRO (L11) - TORRE DEL BARÓ (C. Esculapi Càncer)-;;
K001;Metro i línies urbanes FGC;Metro y líneas urbanas FGC;Underground trains;41.4253457060931;2.182686607561647;METRO (L5) - CONGRÉS-;;
K001;Metro i línies urbanes FGC;Metro y líneas urbanas FGC;Underground trains;41.417153193726016;2.1828196717075516;METRO (L5) - CAMP DE L'ARPA (C. de la Indústria)-;;
K001;Metro i línies urbanes FGC;Metro y líneas urbanas FGC;Underground trains;41.395045437876455;2.183295385359499;METRO (L1) - ARC DE TRIOMF (C. de Nàpols)-;;
K001;Metro i línies urbanes FGC;Metro y líneas urbanas FGC;Underground trains;41.45048789617364;2.1826972392088297;METRO (L4,L11) - TRINITAT NOVA (Aiguablava)-;;
K001;Metro i línies urbanes FGC;Metro y líneas urbanas FGC;Underground trains;41.409088817836725;2.183244342496298;METRO (L2) - ENCANTS (C. del Dos de Maig)-;;
K001;Metro i línies urbanes FGC;Metro y líneas urbanas FGC;Underground trains;41.42526492573496;2.183201325083279;METRO (L5) - CONGRÉS (Pl. dels Indians)-;;
K001;Metro i línies urbanes FGC;Metro y líneas urbanas FGC;Underground trains;41.40915603650889;2.183634657040495;METRO (L2) - ENCANTS-;;
K001;Metro i línies urbanes FGC;Metro y líneas urbanas FGC;Underground trains;41.40888605772232;2.1838787742355046;METRO (L2) - ENCANTS (C. de València)-;;
K001;Metro i línies urbanes FGC;Metro y líneas urbanas FGC;Underground trains;41.45110361908593;2.1835525774153304;METRO (L4,L11) - TRINITAT NOVA-;;
K001;Metro i línies urbanes FGC;Metro y líneas urbanas FGC;Underground trains;41.45108238133636;2.184027602663901;METRO (L3,L4,L11) - TRINITAT NOVA (Pedrosa)-;;
K001;Metro i línies urbanes FGC;Metro y líneas urbanas FGC;Underground trains;41.43227695938713;2.1844016050528197;METRO (L1) - FABRA I PUIG-;;
K001;Metro i línies urbanes FGC;Metro y líneas urbanas FGC;Underground trains;41.43295636416749;2.1845414071836027;METRO (L1) - FABRA I PUIG (Av. Meridiana)-;;
K001;Metro i línies urbanes FGC;Metro y líneas urbanas FGC;Underground trains;41.43267869105559;2.1846391730137347;METRO (L1) - FABRA I PUIG (Av. Meridiana)-;;
K001;Metro i línies urbanes FGC;Metro y líneas urbanas FGC;Underground trains;41.431911406848705;2.1846616289828154;METRO (L1) - FABRA I PUIG (Pg. de Fabra i Puig)-;;
K001;Metro i línies urbanes FGC;Metro y líneas urbanas FGC;Underground trains;41.43228471688108;2.1847056106975735;METRO (L1) - FABRA I PUIG (Pg. de Fabra i Puig)-;;
K001;Metro i línies urbanes FGC;Metro y líneas urbanas FGC;Underground trains;41.43081107265064;2.185274098100008;METRO (L1) - FABRA I PUIG (C. de Concepción Arenal)-;;
K001;Metro i línies urbanes FGC;Metro y líneas urbanas FGC;Underground trains;41.451332419958156;2.18523890152158;METRO (L3) - TRINITAT NOVA                                                                          -;;
K001;Metro i línies urbanes FGC;Metro y líneas urbanas FGC;Underground trains;41.45112985854741;2.18526523697673;METRO (L3) - TRINITAT NOVA (Chafarinas)                                                             -;;
K001;Metro i línies urbanes FGC;Metro y líneas urbanas FGC;Underground trains;41.4514834696589;2.185534607109037;METRO (L3) - TRINITAT NOVA (Parc/Tamariu)                                                           -;;
K001;Metro i línies urbanes FGC;Metro y líneas urbanas FGC;Underground trains;41.451118132157355;2.185798459731009;METRO (L3) - TRINITAT NOVA (Parc)                                                                   -;;
K001;Metro i línies urbanes FGC;Metro y líneas urbanas FGC;Underground trains;41.38449186275042;2.1867371047699256;METRO (L4) - BARCELONETA-;;
K001;Metro i línies urbanes FGC;Metro y líneas urbanas FGC;Underground trains;41.38405459280834;2.1868875196434594;METRO (L4) - BARCELONETA (Pl. de Pau Vila)-;;
K001;Metro i línies urbanes FGC;Metro y líneas urbanas FGC;Underground trains;41.45331050918446;2.1864692767611515;METRO (L11) - CASA DE L'AIGUA (C. Vila-Real)-;;
K001;Metro i línies urbanes FGC;Metro y líneas urbanas FGC;Underground trains;41.41193494988845;2.1872501607733863;METRO (L2) - CLOT (C. de Sibelius)-;;
K001;Metro i línies urbanes FGC;Metro y líneas urbanas FGC;Underground trains;41.39739723789008;2.187504740026583;METRO (L1) - MARINA (Av. Meridiana)-;;
K001;Metro i línies urbanes FGC;Metro y líneas urbanas FGC;Underground trains;41.42277789512527;2.187319868653509;METRO (L9, L10) - SAGRERA-;;
K001;Metro i línies urbanes FGC;Metro y líneas urbanas FGC;Underground trains;41.41191811729344;2.187631840014845;METRO (L2) - CLOT-;;
K001;Metro i línies urbanes FGC;Metro y líneas urbanas FGC;Underground trains;41.42237217584629;2.1875741990654145;METRO (L5,L9,L10) - LA SAGRERA (C. Felipe II)-;;
K001;Metro i línies urbanes FGC;Metro y líneas urbanas FGC;Underground trains;41.397391508752754;2.1879193555470593;METRO (L1) - MARINA-;;
K001;Metro i línies urbanes FGC;Metro y líneas urbanas FGC;Underground trains;41.42383923602952;2.1876567004136236;METRO (L5) - LA SAGRERA (Av. Meridiana)-;;
K001;Metro i línies urbanes FGC;Metro y líneas urbanas FGC;Underground trains;41.39723917501822;2.1881492661166826;METRO (L1) - MARINA (C. dels Almogàvers)-;;
K001;Metro i línies urbanes FGC;Metro y líneas urbanas FGC;Underground trains;41.40388057898034;2.1881757229624843;METRO (L1) - GLÒRIES (Av. Meridiana)-;;
K001;Metro i línies urbanes FGC;Metro y líneas urbanas FGC;Underground trains;41.42337392890338;2.1879744353898394;METRO (L5) - LA SAGRERA-;;
K001;Metro i línies urbanes FGC;Metro y líneas urbanas FGC;Underground trains;41.41105953199489;2.1882250471417484;METRO (L1) - CLOT (C. Aragó)-;;
K001;Metro i línies urbanes FGC;Metro y líneas urbanas FGC;Underground trains;41.40469919340592;2.1883155584515377;METRO (L1) - GLÒRIES (Pl. de les Glòries Catalanes)-;;
K001;Metro i línies urbanes FGC;Metro y líneas urbanas FGC;Underground trains;41.41797348565822;2.1881633324884286;METRO (L1) - NAVAS-;;
K001;Metro i línies urbanes FGC;Metro y líneas urbanas FGC;Underground trains;41.412645995181485;2.188279108981449;METRO (L1) - CLOT (C. de València)-;;
K001;Metro i línies urbanes FGC;Metro y líneas urbanas FGC;Underground trains;41.417629979254656;2.188306656231337;METRO (L1) - NAVAS (C. de Palència)-;;
K001;Metro i línies urbanes FGC;Metro y líneas urbanas FGC;Underground trains;41.41046023759651;2.1884217068524605;METRO (L1) - CLOT (Aragó-Meridiana)-;;
K001;Metro i línies urbanes FGC;Metro y líneas urbanas FGC;Underground trains;41.424309572351795;2.188276034703944;METRO (L1) - LA SAGRERA-;;
K001;Metro i línies urbanes FGC;Metro y líneas urbanas FGC;Underground trains;41.42379838170789;2.188304217465883;METRO (L1) - LA SAGRERA (Av. Meridiana)-;;
K001;Metro i línies urbanes FGC;Metro y líneas urbanas FGC;Underground trains;41.41853837984174;2.188371402959751;METRO (L1) - NAVAS (Av. Meridiana)-;;
K001;Metro i línies urbanes FGC;Metro y líneas urbanas FGC;Underground trains;41.404516151201356;2.188589974336106;METRO (L1) - GLÒRIES-;;
K001;Metro i línies urbanes FGC;Metro y líneas urbanas FGC;Underground trains;41.42490729544883;2.188349681555303;METRO (L1) - LA SAGRERA (C. de Garcilaso)-;;
K001;Metro i línies urbanes FGC;Metro y líneas urbanas FGC;Underground trains;41.41303550112341;2.1886079466509107;METRO (L1) - CLOT-;;
K001;Metro i línies urbanes FGC;Metro y líneas urbanas FGC;Underground trains;41.404801586313;2.1894175917836423;METRO (L1) - GLÒRIES (C. d'Àlaba)-;;
K001;Metro i línies urbanes FGC;Metro y líneas urbanas FGC;Underground trains;41.44597217187542;2.1914157317248115;METRO (L1) - TORRAS I BAGES (Pg. de Torras i Bages)-;;
K001;Metro i línies urbanes FGC;Metro y líneas urbanas FGC;Underground trains;41.44411623837963;2.191578773801642;METRO (L1) - TORRAS I BAGES (C. de Palomar)-;;
K001;Metro i línies urbanes FGC;Metro y líneas urbanas FGC;Underground trains;41.44562502210031;2.1917433489256384;METRO (L1) - TORRAS I BAGES-;;
K001;Metro i línies urbanes FGC;Metro y líneas urbanas FGC;Underground trains;41.43914239937059;2.191825261121907;METRO (L1) - SANT ANDREU-;;
K001;Metro i línies urbanes FGC;Metro y líneas urbanas FGC;Underground trains;41.44600139647267;2.1917868024962215;METRO (L1) - TORRAS I BAGES (Pg. de Torras i Bages)-;;
K001;Metro i línies urbanes FGC;Metro y líneas urbanas FGC;Underground trains;41.444122634073366;2.191948058313426;METRO (L1) - TORRAS I BAGES (C. de Palomar)-;;
K001;Metro i línies urbanes FGC;Metro y líneas urbanas FGC;Underground trains;41.39711862152967;2.1925761931903285;METRO (L4) - BOGATELL-;;
K001;Metro i línies urbanes FGC;Metro y líneas urbanas FGC;Underground trains;41.438251092775914;2.192127534024167;METRO (L1) - SANT ANDREU (Pl. d'Orfila)-;;
K001;Metro i línies urbanes FGC;Metro y líneas urbanas FGC;Underground trains;41.396753926968586;2.1926520975907287;METRO (L4) - BOGATELL (C. de Pujades)-;;
K001;Metro i línies urbanes FGC;Metro y líneas urbanas FGC;Underground trains;41.439624385914854;2.192181581244616;METRO (L1) - SANT ANDREU (C. de Joan Torres)-;;
K001;Metro i línies urbanes FGC;Metro y líneas urbanas FGC;Underground trains;41.38996413058162;2.1937902807873617;METRO (L4) - CIUTADELLA - VILA OLIMPICA-;;
K001;Metro i línies urbanes FGC;Metro y líneas urbanas FGC;Underground trains;41.39002708989785;2.194268195222522;METRO (L4) - CIUTADELLA - VILA OLÍMPICA (C. Ramon Trias Fargas)-;;
K001;Metro i línies urbanes FGC;Metro y líneas urbanas FGC;Underground trains;41.38973788616085;2.194404628661238;METRO (L4) - CIUTADELLA - VILA OLÍMPICA (Parc de Carles I)-;;
K001;Metro i línies urbanes FGC;Metro y líneas urbanas FGC;Underground trains;41.431566307385005;2.1942105501059914;METRO (L9, L10) - ONZE DE SETEMBRE-;;
K001;Metro i línies urbanes FGC;Metro y líneas urbanas FGC;Underground trains;41.45078545939798;2.195434084520567;METRO (L1) - TRINITAT VELLA (Parc de la Trinitat)-;;
K001;Metro i línies urbanes FGC;Metro y líneas urbanas FGC;Underground trains;41.45135679715689;2.1954620079125204;METRO (L1) - TRINITAT VELLA-;;
K001;Metro i línies urbanes FGC;Metro y líneas urbanas FGC;Underground trains;41.417100388918286;2.1960904041023004;METRO (L2) - BAC DE RODA-;;
K001;Metro i línies urbanes FGC;Metro y líneas urbanas FGC;Underground trains;41.41661667729237;2.196170138682746;METRO (L2) - BAC DE RODA (Rambla Guipúscoa)-;;
K001;Metro i línies urbanes FGC;Metro y líneas urbanas FGC;Underground trains;41.417412150321965;2.1972571267440646;METRO (L2) - BAC DE RODA (Rambla Guipúscoa)-;;
K001;Metro i línies urbanes FGC;Metro y líneas urbanas FGC;Underground trains;41.40107460563307;2.198325037156016;METRO (L4) - LLACUNA-;;
K001;Metro i línies urbanes FGC;Metro y líneas urbanas FGC;Underground trains;41.40084350322972;2.1985375052986016;METRO (L4) - LLACUNA (C. de la Ciutat de Granada)-;;
K001;Metro i línies urbanes FGC;Metro y líneas urbanas FGC;Underground trains;41.45907140503141;2.19962890105373;METRO (L9) - CAN ZAM-;;
K001;Metro i línies urbanes FGC;Metro y líneas urbanas FGC;Underground trains;41.45171402443268;2.2007419164436692;METRO (L1) - BARO DE VIVER-;;
K001;Metro i línies urbanes FGC;Metro y líneas urbanas FGC;Underground trains;41.42042153690916;2.201173068191106;METRO (L2) - SANT MARTÍ (Rambla Guipúscoa)-;;
K001;Metro i línies urbanes FGC;Metro y líneas urbanas FGC;Underground trains;41.42112386735605;2.2016791862818543;METRO (L2) - SANT MARTÍ-;;
K001;Metro i línies urbanes FGC;Metro y líneas urbanas FGC;Underground trains;41.45186079878797;2.2013058218845853;METRO (L1) - BARO DE VIVER-;;
K001;Metro i línies urbanes FGC;Metro y líneas urbanas FGC;Underground trains;41.42127648809216;2.2023399287572825;METRO (L2) - SANT MARTÍ (Rambla Guipúscoa)-;;
K001;Metro i línies urbanes FGC;Metro y líneas urbanas FGC;Underground trains;41.405298500025815;2.203933375212387;METRO (L4) - POBLENOU (C. de Pujades)-;;
K001;Metro i línies urbanes FGC;Metro y líneas urbanas FGC;Underground trains;41.40525785823247;2.20429016594789;METRO (L4) - POBLENOU-;;
K001;Metro i línies urbanes FGC;Metro y líneas urbanas FGC;Underground trains;41.43788246296086;2.205872517580679;METRO (L9, L10) - BON PASTOR-;;
K001;Metro i línies urbanes FGC;Metro y líneas urbanas FGC;Underground trains;41.43799109408867;2.2062903769862605;METRO (L9, L10) - BON PASTOR-;;
K001;Metro i línies urbanes FGC;Metro y líneas urbanas FGC;Underground trains;41.42528890093077;2.207064874442074;METRO (L2,L4) - LA PAU (L2 i L4) (Rambla de Guipúscoa)-;;
K001;Metro i línies urbanes FGC;Metro y líneas urbanas FGC;Underground trains;41.46118418271522;2.206859226741906;METRO (L9) - SINGUERLÍN-;;
K001;Metro i línies urbanes FGC;Metro y líneas urbanas FGC;Underground trains;41.42577896170621;2.207549990218703;METRO (L4) - LA PAU-;;
K001;Metro i línies urbanes FGC;Metro y líneas urbanas FGC;Underground trains;41.425644491986596;2.20776748430048;METRO (L2) - LA PAU-;;
K001;Metro i línies urbanes FGC;Metro y líneas urbanas FGC;Underground trains;41.4532620424102;2.208239494493374;METRO (L1) - SANTA COLOMA-;;
K001;Metro i línies urbanes FGC;Metro y líneas urbanas FGC;Underground trains;41.452875749242224;2.2084945863695653;METRO (L1) - SANTA COLOMA-;;
K001;Metro i línies urbanes FGC;Metro y líneas urbanas FGC;Underground trains;41.40972022321857;2.2094895835195927;METRO (L4) - SELVA DE MAR (C. de Provençals)-;;
K001;Metro i línies urbanes FGC;Metro y líneas urbanas FGC;Underground trains;41.453725741169634;2.2090665349981276;METRO (L1) - SANTA COLOMA-;;
K001;Metro i línies urbanes FGC;Metro y líneas urbanas FGC;Underground trains;41.453421474933386;2.2094288247546436;METRO (L1) - SANTA COLOMA-;;
K001;Metro i línies urbanes FGC;Metro y líneas urbanas FGC;Underground trains;41.4100193294522;2.2107496572285585;METRO (L4) - SELVA DE MAR (C. de la Selva de Mar)-;;
K001;Metro i línies urbanes FGC;Metro y líneas urbanas FGC;Underground trains;41.432117198265736;2.2107109608430746;METRO (L2) - VERNEDA-;;
K001;Metro i línies urbanes FGC;Metro y líneas urbanas FGC;Underground trains;41.409972372748115;2.211037174780428;METRO (L4) - SELVA DE MAR-;;
K001;Metro i línies urbanes FGC;Metro y líneas urbanas FGC;Underground trains;41.43187384954118;2.210982283098898;METRO (L2) - VERNEDA-;;
K001;Metro i línies urbanes FGC;Metro y líneas urbanas FGC;Underground trains;41.42210912432983;2.2113950870546013;METRO (L4) - BESÒS (Gv. Corts Catalanes)-;;
K001;Metro i línies urbanes FGC;Metro y líneas urbanas FGC;Underground trains;41.42210912432983;2.2113950870546013;METRO (L4) - BESÒS-;;
K001;Metro i línies urbanes FGC;Metro y líneas urbanas FGC;Underground trains;41.43175282305035;2.2113484466317272;METRO (L2) - VERNEDA-;;
K001;Metro i línies urbanes FGC;Metro y líneas urbanas FGC;Underground trains;41.446063615396255;2.2112094219854086;METRO (L9) - CAN PEIXAUET-;;
K001;Metro i línies urbanes FGC;Metro y líneas urbanas FGC;Underground trains;41.45632068405952;2.213491772672176;METRO (L9) - ESGLËSIA MAJOR-;;
K001;Metro i línies urbanes FGC;Metro y líneas urbanas FGC;Underground trains;41.41728571736527;2.2167108105957487;METRO (L4) - BESÒS MAR (C. d'Alfons el Magnànim)-;;
K001;Metro i línies urbanes FGC;Metro y líneas urbanas FGC;Underground trains;41.41682449799487;2.216766309993385;METRO (L4) - BESÒS MAR-;;
K001;Metro i línies urbanes FGC;Metro y líneas urbanas FGC;Underground trains;41.4135571378195;2.2169879489628515;METRO (L4) - EL MARESME-FÒRUM (C. del Maresme)-;;
K001;Metro i línies urbanes FGC;Metro y líneas urbanas FGC;Underground trains;41.448501768210114;2.216987395685183;METRO (L9) - SANTA ROSA-;;
K001;Metro i línies urbanes FGC;Metro y líneas urbanas FGC;Underground trains;41.413780116903816;2.218047307477445;METRO (L4) - EL MARESME-FÒRUM-;;
K001;Metro i línies urbanes FGC;Metro y líneas urbanas FGC;Underground trains;41.43569679421208;2.2178814434521272;METRO (L2) - ARTIGUES/SANT ADRIÀ-;;
K001;Metro i línies urbanes FGC;Metro y líneas urbanas FGC;Underground trains;41.41639256102366;2.218183137225828;METRO (L4) - BESÒS MAR (C. d'Alfons el Magnànim)-;;
K001;Metro i línies urbanes FGC;Metro y líneas urbanas FGC;Underground trains;41.41408264271431;2.2184092715474293;METRO (L4) - EL MARESME-FÒRUM (Rambla Prim)-;;
K001;Metro i línies urbanes FGC;Metro y líneas urbanas FGC;Underground trains;41.435633749317226;2.2183198496997205;METRO (L2) - ARTIGUES/SANT ADRIÀ-;;
K001;Metro i línies urbanes FGC;Metro y líneas urbanas FGC;Underground trains;41.453578543141795;2.2181435850554534;METRO (L1) - FONDO-;;
K001;Metro i línies urbanes FGC;Metro y líneas urbanas FGC;Underground trains;41.443293381474085;2.2183223916345836;METRO (L10) - LLEFIÀ-;;
K001;Metro i línies urbanes FGC;Metro y líneas urbanas FGC;Underground trains;41.43532176858542;2.2184499652775727;METRO (L2) - ARTIGUES/SANT ADRIÀ-;;
K001;Metro i línies urbanes FGC;Metro y líneas urbanas FGC;Underground trains;41.45354625009719;2.2188659625755163;METRO (L1) - FONDO-;;
K001;Metro i línies urbanes FGC;Metro y líneas urbanas FGC;Underground trains;41.45354625009719;2.2188659625755163;METRO (L9) - FONDO-;;
K001;Metro i línies urbanes FGC;Metro y líneas urbanas FGC;Underground trains;41.45341378752043;2.2196888893195448;METRO (L1) - FONDO-;;
K001;Metro i línies urbanes FGC;Metro y líneas urbanas FGC;Underground trains;41.44416416070764;2.2251035543579833;METRO (L10) - LA SALUT-;;
K001;Metro i línies urbanes FGC;Metro y líneas urbanas FGC;Underground trains;41.43733379738969;2.228863508354206;METRO (L2) - SANT ROC-;;
K001;Metro i línies urbanes FGC;Metro y líneas urbanas FGC;Underground trains;41.437159364606224;2.22922588476185;METRO (L2) - SANT ROC-;;
K001;Metro i línies urbanes FGC;Metro y líneas urbanas FGC;Underground trains;41.43768585217346;2.2295812030232094;METRO (L2) - SANT ROC-;;
K001;Metro i línies urbanes FGC;Metro y líneas urbanas FGC;Underground trains;41.44310791098207;2.2350680927316855;METRO (L2) - GORG-;;
K001;Metro i línies urbanes FGC;Metro y líneas urbanas FGC;Underground trains;41.442456730834024;2.235120163347537;METRO (L2) - GORG-;;
K001;Metro i línies urbanes FGC;Metro y líneas urbanas FGC;Underground trains;41.44217514002628;2.2353206739986318;METRO (L10) - GORG-;;
K001;Metro i línies urbanes FGC;Metro y líneas urbanas FGC;Underground trains;41.44293053660444;2.235335028776472;METRO (L2) - GORG-;;
K001;Metro i línies urbanes FGC;Metro y líneas urbanas FGC;Underground trains;41.44640881400187;2.239289942141581;METRO (L2) - PEP VENTURA-;;
K001;Metro i línies urbanes FGC;Metro y líneas urbanas FGC;Underground trains;41.44696726218802;2.2394446391153906;METRO (L2) - PEP VENTURA-;;
K001;Metro i línies urbanes FGC;Metro y líneas urbanas FGC;Underground trains;41.4463553997202;2.2400217303770424;METRO (L2) - PEP VENTURA-;;
K001;Metro i línies urbanes FGC;Metro y líneas urbanas FGC;Underground trains;41.447112201009915;2.240225716515964;METRO (L2) - PEP VENTURA-;;
K002;Ferrocarrils Generalitat (FGC);Ferrocarriles Generalitat (FGC);Generalitat railways;41.400810666152914;2.0063500890002324;FGC - CAN ROS-;;
K002;Ferrocarrils Generalitat (FGC);Ferrocarriles Generalitat (FGC);Generalitat railways;41.38992347937179;2.0134644671838315;FGC - SANT VICENÇ DELS HORTS-;;
K002;Ferrocarrils Generalitat (FGC);Ferrocarriles Generalitat (FGC);Generalitat railways;41.3710432521695;2.0261567589418163;FGC - SANTA COLOMA DE CERVELLÓ-;;
K002;Ferrocarrils Generalitat (FGC);Ferrocarriles Generalitat (FGC);Generalitat railways;41.365427967134;2.0325698704802244;FGC - COLÒNIA GÜELL-;;
K002;Ferrocarrils Generalitat (FGC);Ferrocarriles Generalitat (FGC);Generalitat railways;41.3595292610489;2.0357597629431567;FGC - MOLÍ NOU-CIUTAT COOPERATIVA-;;
K002;Ferrocarrils Generalitat (FGC);Ferrocarriles Generalitat (FGC);Generalitat railways;41.349963545085444;2.04433010177643;FGC - SANT BOI-;;
K002;Ferrocarrils Generalitat (FGC);Ferrocarriles Generalitat (FGC);Generalitat railways;41.35366375840897;2.069499435552627;FGC - CORNELLÀ-RIERA-;;
K002;Ferrocarrils Generalitat (FGC);Ferrocarriles Generalitat (FGC);Generalitat railways;41.44661441327339;2.0742610557637224;FGC - LA FLORESTA-;;
K002;Ferrocarrils Generalitat (FGC);Ferrocarriles Generalitat (FGC);Generalitat railways;41.354828643513024;2.087818351435226;FGC - ALMEDA-;;
K002;Ferrocarrils Generalitat (FGC);Ferrocarriles Generalitat (FGC);Generalitat railways;41.42929237243125;2.0926371262074284;FGC - LES PLANES-;;
K002;Ferrocarrils Generalitat (FGC);Ferrocarriles Generalitat (FGC);Generalitat railways;41.421486601992676;2.0984143316526147;FGC - BAIXADOR DE VALLVIDRERA-;;
K002;Ferrocarrils Generalitat (FGC);Ferrocarriles Generalitat (FGC);Generalitat railways;41.359611676159204;2.1044952213059513;FGC - L'HOSPITALET-AV. CARRILET-;;
K002;Ferrocarrils Generalitat (FGC);Ferrocarriles Generalitat (FGC);Generalitat railways;41.411100183933705;2.1119883096919265;FGC - PEU FUNICULAR-;;
K002;Ferrocarrils Generalitat (FGC);Ferrocarriles Generalitat (FGC);Generalitat railways;41.36308894437641;2.112753972204769;FGC - SANT JOSEP-;;
K002;Ferrocarrils Generalitat (FGC);Ferrocarriles Generalitat (FGC);Generalitat railways;41.35717778788637;2.1186045434989986;FGC - GORNAL-;;
K002;Ferrocarrils Generalitat (FGC);Ferrocarriles Generalitat (FGC);Generalitat railways;41.40024165402017;2.1197735804668025;FGC - REINA ELISENDA (Sortida J. V. Foix)-;;
K002;Ferrocarrils Generalitat (FGC);Ferrocarriles Generalitat (FGC);Generalitat railways;41.40078541036577;2.120072961451389;FGC - REINA ELISENDA-;;
K002;Ferrocarrils Generalitat (FGC);Ferrocarriles Generalitat (FGC);Generalitat railways;41.40102135173664;2.120445166074268;FGC - REINA ELISENDA (Sortida Duquesa d'Orleans)-;;
K002;Ferrocarrils Generalitat (FGC);Ferrocarriles Generalitat (FGC);Generalitat railways;41.40116812161645;2.125597858987059;FGC - SARRIÀ-;;
K002;Ferrocarrils Generalitat (FGC);Ferrocarriles Generalitat (FGC);Generalitat railways;41.35882274761043;2.1264428408997964;FGC - EUROPA / FIRA-;;
K002;Ferrocarrils Generalitat (FGC);Ferrocarriles Generalitat (FGC);Generalitat railways;41.400778018938965;2.1261873958755757;FGC - SARRIÀ-;;
K002;Ferrocarrils Generalitat (FGC);Ferrocarriles Generalitat (FGC);Generalitat railways;41.40036242632842;2.126864141471207;FGC - SARRIÀ-;;
K002;Ferrocarrils Generalitat (FGC);Ferrocarriles Generalitat (FGC);Generalitat railways;41.363208543054235;2.131537212564963;FGC - ILDEFONS CERDÀ-;;
K002;Ferrocarrils Generalitat (FGC);Ferrocarriles Generalitat (FGC);Generalitat railways;41.39997214516846;2.1311505859477933;FGC - LES TRES TORRES<center>-;;
K002;Ferrocarrils Generalitat (FGC);Ferrocarriles Generalitat (FGC);Generalitat railways;41.399599081267056;2.1319034307710476;FGC - LES TRES TORRES-;;
K002;Ferrocarrils Generalitat (FGC);Ferrocarriles Generalitat (FGC);Generalitat railways;41.39943517666442;2.132263453103869;FGC - LES TRES TORRES<center>-;;
K002;Ferrocarrils Generalitat (FGC);Ferrocarriles Generalitat (FGC);Generalitat railways;41.36277944080426;2.1327541218171198;FGC - ILDEFONS CERDÀ-;;
K002;Ferrocarrils Generalitat (FGC);Ferrocarriles Generalitat (FGC);Generalitat railways;41.399713106235374;2.136189086883016;FGC - BONANOVA-;;
K002;Ferrocarrils Generalitat (FGC);Ferrocarriles Generalitat (FGC);Generalitat railways;41.39960948763935;2.1365027469442124;FGC - BONANOVA-;;
K002;Ferrocarrils Generalitat (FGC);Ferrocarriles Generalitat (FGC);Generalitat railways;41.399455818866805;2.1365770121015126;FGC - BONANOVA-;;
K002;Ferrocarrils Generalitat (FGC);Ferrocarriles Generalitat (FGC);Generalitat railways;41.41204516112586;2.1382486576082567;FGC - AVINGUDA DEL TIBIDABO-;;
K002;Ferrocarrils Generalitat (FGC);Ferrocarriles Generalitat (FGC);Generalitat railways;41.37004560170008;2.1404326748170206;FGC - MAGÒRIA-LA CAMPANA-;;
K002;Ferrocarrils Generalitat (FGC);Ferrocarriles Generalitat (FGC);Generalitat railways;41.407548672033165;2.140323523055438;FGC - EL PUTXET-;;
K002;Ferrocarrils Generalitat (FGC);Ferrocarriles Generalitat (FGC);Generalitat railways;41.407861547227384;2.1403320567511885;FGC - EL PUTXET-;;
K002;Ferrocarrils Generalitat (FGC);Ferrocarriles Generalitat (FGC);Generalitat railways;41.40725975273718;2.140605032007468;FGC - EL PUTXET-;;
K002;Ferrocarrils Generalitat (FGC);Ferrocarriles Generalitat (FGC);Generalitat railways;41.405413859095276;2.143692706747645;FGC - PADUA-;;
K002;Ferrocarrils Generalitat (FGC);Ferrocarriles Generalitat (FGC);Generalitat railways;41.40044893544833;2.1438292938805414;FGC - MUNTANER-;;
K002;Ferrocarrils Generalitat (FGC);Ferrocarriles Generalitat (FGC);Generalitat railways;41.400793616955326;2.143927507839925;FGC - MUNTANER-;;
K002;Ferrocarrils Generalitat (FGC);Ferrocarriles Generalitat (FGC);Generalitat railways;41.4052575738955;2.1440369593635706;FGC - PADUA-;;
K002;Ferrocarrils Generalitat (FGC);Ferrocarriles Generalitat (FGC);Generalitat railways;41.40046326269279;2.144326452365103;FGC - MUNTANER-;;
K002;Ferrocarrils Generalitat (FGC);Ferrocarriles Generalitat (FGC);Generalitat railways;41.40495109965056;2.144340386351348;FGC - PADUA-;;
K002;Ferrocarrils Generalitat (FGC);Ferrocarriles Generalitat (FGC);Generalitat railways;41.403189961724586;2.1480917123755834;FGC - SANT GERVASI-;;
K002;Ferrocarrils Generalitat (FGC);Ferrocarriles Generalitat (FGC);Generalitat railways;41.40322148550582;2.148648736655483;FGC - PLAÇA MOLINA<center>-;;
K002;Ferrocarrils Generalitat (FGC);Ferrocarriles Generalitat (FGC);Generalitat railways;41.37636471205844;2.14970353091561;FGC - ESPANYA-;;
K002;Ferrocarrils Generalitat (FGC);Ferrocarriles Generalitat (FGC);Generalitat railways;41.40149713637735;2.152711857053335;FGC - GRÀCIA (C. de Marià Cubí)-;;
K002;Ferrocarrils Generalitat (FGC);Ferrocarriles Generalitat (FGC);Generalitat railways;41.40185694985841;2.153504912003671;FGC - GRÀCIA (Pl. de Gal·la Placídia)-;;
K002;Ferrocarrils Generalitat (FGC);Ferrocarriles Generalitat (FGC);Generalitat railways;41.401372414239525;2.1535825838779776;FGC - GRÀCIA-;;
K002;Ferrocarrils Generalitat (FGC);Ferrocarriles Generalitat (FGC);Generalitat railways;41.39517950358134;2.1587248862581268;FGC - PROVENÇA (C. del Rossellò)-;;
K002;Ferrocarrils Generalitat (FGC);Ferrocarriles Generalitat (FGC);Generalitat railways;41.39472666024421;2.159031626443679;FGC - PROVENÇA-;;
K002;Ferrocarrils Generalitat (FGC);Ferrocarriles Generalitat (FGC);Generalitat railways;41.394148565049846;2.1594022371801027;FGC - PROVENÇA (C. de Provença)-;;
K002;Ferrocarrils Generalitat (FGC);Ferrocarriles Generalitat (FGC);Generalitat railways;41.38773694240909;2.168091304298918;FGC - CATALUNYA (C. de Balmes)-;;
K002;Ferrocarrils Generalitat (FGC);Ferrocarriles Generalitat (FGC);Generalitat railways;41.38791298731736;2.168722243934359;FGC - CATALUNYA (C. de Bergara)-;;
K002;Ferrocarrils Generalitat (FGC);Ferrocarriles Generalitat (FGC);Generalitat railways;41.38761223884743;2.169860559405536;FGC - CATALUNYA-;;
K002;Ferrocarrils Generalitat (FGC);Ferrocarriles Generalitat (FGC);Generalitat railways;41.38766010792402;2.1706741792574813;FGC - CATALUNYA (C. de Pelai)-;;
K003;RENFE;RENFE;RENFE-national railways;41.411835785097125;2.022095454740041;RENFE - MOLINS DE REI-;;
K003;RENFE;RENFE;RENFE-national railways;41.384897315072045;2.0491448789998907;RENFE - ST. FELIU DE LLOBREGAT-;;
K003;RENFE;RENFE;RENFE-national railways;41.370479810680045;2.061386272653249;RENFE - ST. JOAN DESPÍ-;;
K003;RENFE;RENFE;RENFE-national railways;41.35973244104404;2.071052107639975;RENFE - CORNELLÀ-;;
K003;RENFE;RENFE;RENFE-national railways;41.306236788516685;2.074985040752779;RENFE - AEROPORT-;;
K003;RENFE;RENFE;RENFE-national railways;41.33301890941885;2.092152817353857;RENFE - EL PRAT DE LLOBREGAT-;;
K003;RENFE;RENFE;RENFE-national railways;41.36607000979566;2.1017756804000562;RENFE - L'HOSPITALET DE LLOBREGAT-;;
K003;RENFE;RENFE;RENFE-national railways;41.35618523323797;2.1165400228753737;RENFE - BELLVITGE-;;
K003;RENFE;RENFE;RENFE-national railways;41.38089144383005;2.1414165682835997;RENFE - SANTS ESTACIÓ-;;
K003;RENFE;RENFE;RENFE-national railways;41.494165483249695;2.1490746495021424;RENFE - CERDANYOLA DEL VALLÈS-;;
K003;RENFE;RENFE;RENFE-national railways;41.393688251926214;2.166332417595856;RENFE - PASSEIG DE GRÀCIA-;;
K003;RENFE;RENFE;RENFE-national railways;41.48313785066921;2.16845654045756;RENFE - MONTCADA I REIXAC-STA. MARIA-;;
K003;RENFE;RENFE;RENFE-national railways;41.38883675504673;2.1698267661000235;RENFE - CATALUNYA-;;
K003;RENFE;RENFE;RENFE-national railways;41.38936382715648;2.1703884545899115;RENFE - CATALUNYA-;;
K003;RENFE;RENFE;RENFE-national railways;41.389846447849955;2.1706281410165147;RENFE - CATALUNYA-;;
K003;RENFE;RENFE;RENFE-national railways;41.38992581563153;2.171512485523125;RENFE - CATALUNYA-;;
K003;RENFE;RENFE;RENFE-national railways;41.393634478403975;2.181117252543767;RENFE - ARC DE TRIOMF-;;
K003;RENFE;RENFE;RENFE-national railways;41.39369263997481;2.181651545269083;RENFE - ARC DE TRIOMF-;;
K003;RENFE;RENFE;RENFE-national railways;41.47269128753542;2.181020266565885;RENFE - MONTCADA BIFURCACIÓ-;;
K003;RENFE;RENFE;RENFE-national railways;41.463427794623726;2.181434563373002;RENFE - TORRE BARÓ-;;
K003;RENFE;RENFE;RENFE-national railways;41.39520263070087;2.18302934511425;RENFE - ARC DE TRIOMF-;;
K003;RENFE;RENFE;RENFE-national railways;41.4981397667726;2.1828469376558677;RENFE - MONTCADA-RIPOLLET-;;
K003;RENFE;RENFE;RENFE-national railways;41.432680373557815;2.184178973533384;RENFE - SANT ANDREU ARENAL-;;
K003;RENFE;RENFE;RENFE-national railways;41.38604978218521;2.186526434396744;RENFE - DE FRANÇA-;;
K003;RENFE;RENFE;RENFE-national railways;41.48610237854652;2.1862418661182303;RENFE - MONTCADA I REIXAC-MANRESA-;;
K003;RENFE;RENFE;RENFE-national railways;41.42575307404194;2.1875847599245763;RENFE - LA SAGRERA - MERIDIANA-;;
K003;RENFE;RENFE;RENFE-national railways;41.41164937226442;2.1889854973934884;RENFE - CLOT-;;
K003;RENFE;RENFE;RENFE-national railways;41.41181306349065;2.189674297839889;RENFE - CLOT-;;
K003;RENFE;RENFE;RENFE-national railways;41.486429039032494;2.189492127232841;RENFE - MONTCADA I REIXAC-;;
K003;RENFE;RENFE;RENFE-national railways;41.41207695968375;2.190474592401826;RENFE - CLOT-;;
K003;RENFE;RENFE;RENFE-national railways;41.43777714240772;2.194389873002116;RENFE - SANT ANDREU COMTAL-;;
K003;RENFE;RENFE;RENFE-national railways;41.42622539986796;2.2316025408555147;RENFE - SANT ADRIÀ DEL BESÒS-;;
K003;RENFE;RENFE;RENFE-national railways;41.44767368371049;2.250173539715588;RENFE - BADALONA-;;
K004;Tren a l'aeroport;Tren al aeropuerto;Train to the airport;41.306236788516685;2.074985040752779;Tren AEROPORT- AEROPORT-;;
K004;Tren a l'aeroport;Tren al aeropuerto;Train to the airport;41.33301890941885;2.092152817353857;Tren AEROPORT - PRAT DE LLOBREGAT-;;
K004;Tren a l'aeroport;Tren al aeropuerto;Train to the airport;41.35618523323797;2.1165400228753737;Tren AEROPORT - BELLVITGE-;;
K004;Tren a l'aeroport;Tren al aeropuerto;Train to the airport;41.38089144383005;2.1414165682835997;Tren AEROPORT - SANTS ESTACIÓ-;;
K004;Tren a l'aeroport;Tren al aeropuerto;Train to the airport;41.393688251926214;2.166332417595856;Tren AEROPORT - PASSEIG DE GRÀCIA-;;
K004;Tren a l'aeroport;Tren al aeropuerto;Train to the airport;41.41135846814172;2.1880572503370916;Tren AEROPORT - CLOT-;;
K004;Tren a l'aeroport;Tren al aeropuerto;Train to the airport;41.41181306349065;2.189674297839889;Tren AEROPORT - CLOT-;;
K004;Tren a l'aeroport;Tren al aeropuerto;Train to the airport;41.41207695968375;2.190474592401826;Tren AEROPORT - CLOT-;;
K004;Tren a l'aeroport;Tren al aeropuerto;Train to the airport;41.43777714240772;2.194389873002116;Tren AEROPORT - SANT ANDREU COMTAL-;;
K008;Estació marítima;Estación marítima;Maritime station;41.369403811519106;2.1778796338928315;Terminal GÉNOVA-;;
K008;Estació marítima;Estación marítima;Maritime station;41.373674268495925;2.178370457276284;Estació Marítima TRASMEDITERRÁNEA-;;
K008;Estació marítima;Estación marítima;Maritime station;41.36089407584656;2.1796378845408437;Estació Marítima B-;;
K008;Estació marítima;Estación marítima;Maritime station;41.37566763747165;2.1797570595760476;Estació Marítima DRASSANES-;;
K008;Estació marítima;Estación marítima;Maritime station;41.362401898669034;2.180608087893954;Estació Marítima C-;;
K008;Estació marítima;Estación marítima;Maritime station;41.37470689486612;2.1818461161792815;Estació Marítima BUQUEBÚS-;;
K008;Estació marítima;Estación marítima;Maritime station;41.364888518814524;2.1821358176058823;Estació Marítima A-;;
K008;Estació marítima;Estación marítima;Maritime station;41.37274668166197;2.183945163596986;Estació Marítima INTERNACIONAL-;;
K008;Estació marítima;Estación marítima;Maritime station;41.376644995325464;2.184688118478136;Terminal Marítima Maremàgnum-;;
K009;Funicular;Funicular;Funicular;41.41579856587595;2.106771444943535;Funicular VALLVIDRERA - superior-;;
K009;Funicular;Funicular;Funicular;41.41094285550016;2.1123414406647094;Funicular VALLVIDRERA - inferior-;;
K009;Funicular;Funicular;Funicular;41.42309869838497;2.1204705453332995;Funicular TIBIDABO - superior-;;
K009;Funicular;Funicular;Funicular;41.41797796575998;2.1326457948011726;Funicular TIBIDABO - inferior-;;
K009;Funicular;Funicular;Funicular;41.37053854590965;2.1644101097149417;Funicular MONTJUÏC - superior-;;
K009;Funicular;Funicular;Funicular;41.37656432307143;2.1695689693384512;Funicular MONTJUÏC - inferior-;;
K010;Telefèric;Teleférico;Cable cars;41.37057390659788;2.164530044852222;Telefèric de Montjuïc - Parc de Montjuïc-;;
K010;Telefèric;Teleférico;Cable cars;41.365865509207374;2.167211152117244;Telefèric de Montjuïc - Castell-;;
K010;Telefèric;Teleférico;Cable cars;41.37283694034601;2.173575950742823;Transbordador del Port - Miramar-;;
K010;Telefèric;Teleférico;Cable cars;41.373920839356856;2.1811958925812185;Transbordador del Port - Jaume I-;;
K010;Telefèric;Teleférico;Cable cars;41.37505200816772;2.1889957608314172;Transbordador del Port - Sant Sebastià-;;
K011;Tramvia;Tranvía;Tram;41.38116725015342;2.0542823349659862;Tramvia (T3) - SANT FELIU/CONSELL COMARCAL-;;
K011;Tramvia;Tranvía;Tram;41.36578620898312;2.059334819258781;TRAMVIA (T1,T2) - BON VIATGE-;;
K011;Tramvia;Tranvía;Tram;41.381602745999274;2.0617722549789543;TRAMVIA (línia T3) - TORREBLANCA-;;
K011;Tramvia;Tranvía;Tram;41.36220100920174;2.0632986912789617;TRAMVIA (T1,T2) - FONTSANTA-FATJÓ-;;
K011;Tramvia;Tranvía;Tram;41.36937892826004;2.0636070027435176;TRAMVIA (T2) - LA FONTSANTA-;;
K011;Tramvia;Tranvía;Tram;41.35851725251239;2.0671813282065647;TRAMVIA (T1,T2) - LES AIGÜES-;;
K011;Tramvia;Tranvía;Tram;41.381551189507014;2.0681294410268305;TRAMVIA (T3) - WALDEN-;;
K011;Tramvia;Tranvía;Tram;41.358603296071486;2.0698770180539814;TRAMVIA (T1,T2) - CORNELLÀ CENTRE-;;
K011;Tramvia;Tranvía;Tram;41.37024886676565;2.0710331251539342;TRAMVIA (T2) - CENTRE MIQUEL MARTÍ I POL-;;
K011;Tramvia;Tranvía;Tram;41.36261423783722;2.073243168566158;TRAMVIA (T1,T2) - IGNASI IGLÉSIAS-;;
K011;Tramvia;Tranvía;Tram;41.38066017544977;2.076289695840165;TRAMVIA (T3) - RAMBLA DE SANT JUST-;;
K011;Tramvia;Tranvía;Tram;41.37415712200334;2.076886707679042;TRAMVIA (T3) - SANT MARTÍ DE L'ERM-;;
K011;Tramvia;Tranvía;Tram;41.37282143805566;2.077292463550569;TRAMVIA (T2) - SANT MARTÍ DE L'ERM (Baixador)-;;
K011;Tramvia;Tranvía;Tram;41.36733105094417;2.0779616538071215;TRAMVIA (T1,T2) - EL PEDRÒ-;;
K011;Tramvia;Tranvía;Tram;41.371263758248276;2.081872009748769;TRAMVIA (T1,T2,T3) - MONTESA-;;
K011;Tramvia;Tranvía;Tram;41.3752948685948;2.0853816657226845;TRAMVIA (T1,T2,T3) - LA SARDANA-;;
K011;Tramvia;Tranvía;Tram;41.37831326939294;2.0886359386392344;TRAMVIA (T1,T2,T3) - PONT D'ESPLUGUES-;;
K011;Tramvia;Tranvía;Tram;41.37874700877606;2.09394325517763;TRAMVIA (T1,T2,T3) - CAN CLOTA-;;
K011;Tramvia;Tranvía;Tram;41.37830463775278;2.0999696191790136;TRAMVIA (T1,T2,T3) - CA N'OLIVERES-;;
K011;Tramvia;Tranvía;Tram;41.37788883712966;2.1070967500929805;TRAMVIA (T1,T2,T3) - CAN RIGAL-;;
K011;Tramvia;Tranvía;Tram;41.37846537663376;2.1131049561261284;TRAMVIA (T1,T2,T3) - SANT RAMON-;;
K011;Tramvia;Tranvía;Tram;41.386277192083675;2.115572626570497;TRAMVIA (T1,T2,T3) - ZONA UNIVERSITÀRIA-;;
K011;Tramvia;Tranvía;Tram;41.382298139006664;2.116086127707571;TRAMVIA (T1,T2,T3) - AVINGUDA DE XILE-;;
K011;Tramvia;Tranvía;Tram;41.387691693452425;2.1193682923901362;TRAMVIA (T1,T2,T3) - PALAU REIAL-;;
K011;Tramvia;Tranvía;Tram;41.388535960497386;2.1225663567489166;TRAMVIA (T1,T2,T3) - PIUS XII-;;
K011;Tramvia;Tranvía;Tram;41.389820383321954;2.1277160308016514;TRAMVIA (T1,T2,T3) - Mª CRISTINA-;;
K011;Tramvia;Tranvía;Tram;41.41724900256063;2.13038476602017;TRAMVIA BLAU - AV. TIBIDABO (Parc Municipal Font Racó - Tornada)-;;
K011;Tramvia;Tranvía;Tram;41.41728704906886;2.130820897998619;TRAMVIA BLAU - AV. TIBIDABO (Parc Municipal Font Racó)-;;
K011;Tramvia;Tranvía;Tram;41.39116122009686;2.1329189838295153;TRAMVIA (T1,T2,T3) - NUMÀNCIA-;;
K011;Tramvia;Tranvía;Tram;41.417787384987626;2.1327257032783207;TRAMVIA BLAU - PL. DR. ANDREU-;;
K011;Tramvia;Tranvía;Tram;41.41688360635219;2.1332279948602406;TRAMVIA BLAU - AV. TIBIDABO (Teodor Roviralta-Adrià Margarit)-;;
K011;Tramvia;Tranvía;Tram;41.41693263065752;2.1347197351656764;TRAMVIA BLAU - AV. TIBIDABO (Dr. Ribas Perdigó-Josep Garí)-;;
K011;Tramvia;Tranvía;Tram;41.415928519386235;2.1351778653104523;TRAMVIA BLAU - AV. TIBIDABO (Rda. de Dalt-Bosch i Alsina)-;;
K011;Tramvia;Tranvía;Tram;41.41534943817695;2.1357878977605544;TRAMVIA BLAU - AV. TIBIDABO (Romà Macaya-Dr. Ribas Perdigó)-;;
K011;Tramvia;Tranvía;Tram;41.41462558991846;2.1360289656534333;TRAMVIA BLAU - AV. TIBIDABO (Bosch i Alsina-Josep Mª Florensa)-;;
K011;Tramvia;Tranvía;Tram;41.39232289884856;2.137487511888266;TRAMVIA (T1,T2,T3) - L'ILLA-;;
K011;Tramvia;Tranvía;Tram;41.412514808188845;2.137938177191188;TRAMVIA BLAU - AV. TIBIDABO (Pl. John Kennedy-Mas Yebra)-;;
K011;Tramvia;Tranvía;Tram;41.39400142911133;2.1440725310628412;TRAMVIA (T1,T2,T3) - FRANCESC MACIÀ-;;
K011;Tramvia;Tranvía;Tram;41.39588805515641;2.1879955717759554;TRAMVIA (T4) - MARINA-;;
K011;Tramvia;Tranvía;Tram;41.403498658922274;2.187913714645417;TRAMVIA (T4, T5, T6) - GLÒRIES-;;
K011;Tramvia;Tranvía;Tram;41.39912851867515;2.18804498094474;TRAMVIA (T4) - AUDITORI-TEATRE NACIONAL-;;
K011;Tramvia;Tranvía;Tram;41.39221590459744;2.1894151735404934;TRAMVIA (T4) - WELLINGTON-;;
K011;Tramvia;Tranvía;Tram;41.40602706536775;2.1896095763963985;TRAMVIA (T5, T6) - LA FARINERA-;;
K011;Tramvia;Tranvía;Tram;41.40624718709866;2.192467242463954;TRAMVIA (T4) - CA L'ARANYÓ-;;
K011;Tramvia;Tranvía;Tram;41.38939245296745;2.1931660587446196;TRAMVIA (T4) - CIUTADELLA-VILA OLÍMPICA-;;
K011;Tramvia;Tranvía;Tram;41.4098411736312;2.1946287213335443;TRAMVIA (T5, T6) - CAN JAUMANDREU-;;
K011;Tramvia;Tranvía;Tram;41.41306004141375;2.1987310466184216;TRAMVIA (T5, T6) - ESPRONCEDA-;;
K011;Tramvia;Tranvía;Tram;41.40802226614346;2.199458524305135;TRAMVIA (T4) - PERE IV-;;
K011;Tramvia;Tranvía;Tram;41.40925804549002;2.204390052245259;TRAMVIA (T4) - FLUVIÀ-;;
K011;Tramvia;Tranvía;Tram;41.41817574267966;2.2055911889671664;TRAMVIA (T5, T6) - SANT MARTÍ DE PROVENÇALS-;;
K011;Tramvia;Tranvía;Tram;41.42175749057801;2.2104389892190834;TRAMVIA (T5, T6) - BESÒS-;;
K011;Tramvia;Tranvía;Tram;41.41088312961589;2.2109427362321648;TRAMVIA (T4) - SELVA DE MAR-;;
K011;Tramvia;Tranvía;Tram;41.41905536740092;2.214649067093477;TRAMVIA (T5, T6) - ALFONS EL MAGNÀNIM-;;
K011;Tramvia;Tranvía;Tram;41.412147933192806;2.2160300518280343;TRAMVIA (T4) - DIAGONAL MAR-;;
K011;Tramvia;Tranvía;Tram;41.42119747750294;2.218642592342822;TRAMVIA (T5, T6) - PARC DEL BESÓS-;;
K011;Tramvia;Tranvía;Tram;41.41359425277568;2.2209080371333108;TRAMVIA (T4) - FÒRUM-;;
K011;Tramvia;Tranvía;Tram;41.42015875510005;2.222285292424239;TRAMVIA (T6) - LA MINA-;;
K011;Tramvia;Tranvía;Tram;41.4244124523163;2.2229344710778522;TRAMVIA (T5) - LA CATALANA-;;
K011;Tramvia;Tranvía;Tram;41.41706191479661;2.223985116206688;TRAMVIA (T4) - CAN LLIMA-;;
K011;Tramvia;Tranvía;Tram;41.43227358659633;2.223995032983044;TRAMVIA (T5) - ENCANTS DE SANT ADRIÀ-;;
K011;Tramvia;Tranvía;Tram;41.42929178790926;2.2263895553541126;TRAMVIA (T5) - SANT JOAN BAPTISTA-;;
K011;Tramvia;Tranvía;Tram;41.42072074615289;2.2272589119836694;TRAMVIA (T4, T6) - CENTRAL TÉRMICA DEL BESÒS-;;
K011;Tramvia;Tranvía;Tram;41.43676540838211;2.228843220888958;TRAMVIA (T5) - SANT ROC-;;
K011;Tramvia;Tranvía;Tram;41.4256714610128;2.2314909758278745;TRAMVIA (T4, T6) - ESTACIÓ DE SANT ADRIÀ-;;
K011;Tramvia;Tranvía;Tram;41.4411223178827;2.233692846606383;TRAMVIA (T5) - GORG-;;
